text,label
家に帰るなり、父から「どこ行ってきたんや。」って…。いつも何も言わないのに…。そして、なぜ言わねばならんのだ！郵便局いっただけだよ…。言わないけどね。,4
どこの30秒削るんだろ,2
上位互換が手に入ったからって下位互換のものをあっさり捨てるのは大人のやることだよ,1
参入障壁と希少性を上げていかないと生き残れないわなぁ(・・;)\n\n誰にでもできる仕事で食っていくには限界があるというのは定説。\n\n自分にしかできないことをいかにやっていくか、それに尽きる。,1
それで仕事回せるならみんなしないでしょ！残業！,4
いきなりステーキけっこう閉店してるのか　行ったことないけど,3
さすが哀ちゃん。,7
ちょっと周りにイケメンが多いですな。。。( ??ω?? ),5
メレンゲのかねちちょっとお上品で好き,0
暑い…アイス食べたい…,1
連休すよ。アベンジャーズとスパイダーバースをいつ見に行くかすよ,2
夕方うーばーいーつで届けてもろたクレープ食べよう……仕事は忘れていい。帰って、家があったらがんばろう。,2
最近のバスではマック食べるし長電話するしイヤホン音漏れさせるし女子校生のパンツ見えるんだね。,6
ごめバンドの割には気合入ってるくるり,3
早田ひな選手可愛いなぁ。。。,0
ウチはもう猫飼えないからどうしょうもないんだけど…無事を祈るよ…子猫ちゃん,2
夕飯までまだ1時間もあるやん,3
今の同軸スプ世界記録更新するには技術力というよりかは筋肉の方が重要そう,2
目覚まし時計、1時間ぐらい無視し続けとったがな。,1
これはやばくない？,3
すでに聖地巡礼したい,2
引用リツイート欄の方が怖い率高いな,5
友達ほしい、ご飯一緒に食べたい、愚痴言い合いたい、笑いたい！,2
雨降ってんのにクレベリン首から提げてる人いるんだけど…………,3
緊急事態宣言解除で、明日からとか11日から営業再開するところが増えて嬉しい。 と買い物に行くと、クラスターなんだろうな。 個人的には必要急だけど、他の人から見たそうでないと思われそうだけど。,4
寒い、お腹空いた\n今食べると夜ご飯食べられなくなるから我慢\nお腹空いた,6
コオロギとエビは成分ほぼ一緒だよっていうやついるけど、それならわいだって本田翼とほぼ同じ成分やぞ,1
お正月用の黒豆が100円で見切られていたので炊いてみる。おばあちゃんが黒豆よく作ってたけど、自分でするのは初めて。,2
おい上のおすすめはAmazonプライムビデオとかNetflixとか。\nNetflixでみれるんだけどルポールのドラァグレースっていう、アメリカNo.1ドラァグクィーンを賭けて勝ち抜いてくリアリティショー番組がめちゃめちゃオススメだからみて。\n（超個人的な意見）,2
"スタンガンで虐待のニュース\n""ペット用の""という所に？？？？ってなるの私だけ？ペットにスタンガン必要か？",3
女の子たちが今をときめくお笑い芸人にキャーキャーいってる様子に対して冷めた意見を言う人がいる\n\nいつの時代もそうよね\nずっと前からそう\n\nでも、キャーキャー言われている人たちがのちにテレビで活躍してる\n\n人気者になればなるほどアンチも増える\n\nそれは変わらないね\n,5
「シリウス」のMV、最後のカットでああ！これ、あれ！！最初からずっと映ってたのぉー？！って思いました。しかし公開の時間がアホ！,3
ツーブロどころか刈り上げの奴がいたり黄緑とかピンクに染めたりピアスジャラジャラの人が沢山いる緩めの高校だったから時代遅れとしか思えん,5
休憩明けてあと90分しゃべり続ければ1万6千円ゲット,2
登録者数が多いYouTuberは、何かしらの動画がバズって、数十万回再生されていることが多い。\n\nつまり、バズらせないとそもそも収益化の土俵に立てないのかもしれない。,5
飲めないんなら飲むなよ\n\nって言いたくなる,6
ごはんにさ、ステーキソースかけていためるのおいしいよ,0
湿気もだけど、自分のくせ強すぎて巻いた髪が寝癖ヘアーになる。,1
あれはさすがに合コンすぎw,3
イクラが手洗えになってる ,3
いつのまにか寝てた,3
もう！バカ！休ませて！,1
一時間待ってもこない！！ガス会社なんなの！！急いで帰ってきたのに?時間守らないひときらい！！！\nなんか食べ物でも持ってきたら許そう。,4
父子が義両親とお墓参りに行ったのでしばしフリータイムです。(私は午後から用事なので不参加),0
志那の人たちいいかげんにせなかんよな,1
山形で偶然エンカとはエモすぎる,0
もう感情が複雑に絡まりすぎてて誰にも説明できないんだよー。この状態が実はずーっと続いてるんだよ。,1
プリンターが思うように動かず3回印刷し直しとるんやが発狂してええか？ ok 発狂します ア゜,4
gravityのことgrabityって書いてたわｗｗｗｗｗｗｗｗｗｗｗｗｗｗｗｗｗｗｗｗｗｗｗｗｗｗｗｗｗマジで馬鹿,6
ある意味迷子。暴走中。誰か助けてー,1
ロシアナショナル終わった…\n女子シングル、最終グループ6練の緊張感半端なかった、あれはメンタル鍛えられるわ\nトゥルソワが崩れたところを見ると、ノーミスすれば3Aまでの選手も勝ち目があるんだよなー,0
苦しくしても時間は去りゆくもの。喉元過ぎれば熱さを忘れる。現在もいつかは過去になる。そういうことが、若い頃には全然わからなくて、いつもその瞬間瞬間をまともに捉えて苦しんでいた気がするけど、大抵のことは、生命に関係するほど重大ではないということがだんだんわかってきた。,7
一ヶ月以上卓球やってない。。。,1
普段使いのキーボードにもテンキーついてるし予備の有線テンキーとマウスも二つずつ用意してある,7
ナナスタはメンテいつまでだろうね.......(´・ω・｀),1
エリカさま嘘でしょ…,1
ふはー。ORESAMA楽しすぎたわ。ダンスミュージックだけど、しっかりベースとギター聞いてて最高やったわ,0
さくらのレシピあと3つ…,2
ほしいものにお金使うって大事だと気づいた,7
韓国のクラブで集団感染って。。\nなんでそんなリスクの高いことを許容したんや。。,6
やめてって言ってエスカレートするのほんとなんなん,4
もう少し自分で解決しようとする、自分ごと感のあるリーダはおらんもんか。,4
短い夏の秘密でも探しに行くか,2
USAゲームやりたい,2
電車の人が日に日に増えてるの気の所為？,3
3エンド終わって7-0…！\nカーリングとは思えないスコア,3
筋トレや運動してる人は信頼できる。\n\n継続する力がありそうだし、\n心と体を自分でリフレッシュできそうだし、\n何もしなければ体は衰えていくということをちゃんと見据えていそう。,7
「このパブ」投票しようと思ってるのですが、今年はあまりセルパブ本を読んでいなくて、10作品読んでなかったりします。閉め切りまでに読めるだけ読んでみよう。,2
放送事故,5
明日はカーヴドケイに行ってみよう。パンケーキが美味しいらしい。楽しみ?！,0
ヒマなので伊勢丹をふらつく、高すぎ＆オシャレすぎ,5
寝るなら触れるな\n1ミリでも触れるなら寝るな\nそれ以外ならSHINE,4
さっき払った交通費は治験で得たお金なので実質自分の血液を消費して移動している,2
無理に来られてもこっちが迷惑です。\nそれなら来んなよ。\n久しぶりにイラつきすぎて新築の家傷つけそう。\n目の前に壊してもいい家具あるから助かった。,4
そう言い切れないと仕事にできないと思っていたんだよねー。,5
自動運転の技術が発達すると、車を運転している時に動画を見る需要が増える。\n広告費が増え、業界全体が盛り上がれば良いなぁ！,2
俺、日本に帰ってきたら大好きなカフェでカレー食うんだ…！,2
うぁ…こんな手紙泣くわ、、 金八先生。。,7
まじなんなん,4
やっとかぐやSF候補作読み終えました。自動車学校以外全部一人称でビビったのはおいといて、個人的にリモートが好みでした。,0
ガスマスク好きなのでたまらん,0
今年の稼ぎが100万に乗ったことを話したら「じゃあ今年はもう遊んで暮らせるね」と言われて確かにとなった,3
オンライン授業中にジッポーカチカチさせる教授、かなり信用ができるな（しゃべったことあるけどかなり怒りっぽかった）（絶対ヤニカスだ）,7
さすがにそろそろ結果を出しにいくフェーズなんだなを感じる1日だった。焦りたくもなるけど、一歩一歩、やるべきことをね、黙々淡々とやるに限る。,2
深読みする頭なくてＫらじからの好意と受け取ってたらそんな簡単な話じゃなさそう…？ファン同士の揉めごとはよくないよねぇ、大好きな人たちを悲しませちゃうよ。ひいてはファンの行動から本人たちのイメージ下がっちゃいかねないんだから、どうか優しい気持ちでいきましょうよ。,1
煽り耐性ないwとかいう奴、オメェのコミュ力が致命的に欠如してるだけだよってハンコ作っておでこに押印してまわりたい,4
ジンとウォッカが夢に出てきた(笑),3
雨雲レーダー見てこれはやべえわつって早く出てきたのに1粒も降らないこのザマは何なんだよ,6
ランティスやっぱり酷すぎやな。地雷臭してたし、行かなくてよかた,6
時計もたせないのも悪いんだけど、今迄も時計なくても17時までには戻ってきてたじゃん,6
夫がラーメン(多分にんにくかなり入れた)食べてきて、家の中が臭いー！,6
久しぶりに自転車で10キロくらい走ったけど、やっぱり気持ちいいわ。,0
いい事があるとそれと同等かそれ以上に悪いことが起きるはずだと信じてるタイプなので楽しいことも楽しめない\nむしろ悪いことが起きると嫌な気持ちになるけど想定より軽いやつだったときはほっとする\nこの思考やめたい,1
小4の夏、終業式の帰り際に先生に呼び止められ、夏休みの宿題とは別に海の絵を一枚描いてくれと頼まれた。始業式の日に渡すとこれじゃダメ、人物が無いとコンテストに出せないと言われ、コンテストとは？？となり、「ちゃんと”海の絵“ですけどね？」とキレながら人っぽいものを描き加えた。,4
名大祭からの研究室はマジでやる気出ない,1
12月…！？そんなバカな,3
こなれた頃の操作が一番危ないんだよな?。また消される前になるはやで編集するようつとめなければ。。,5
"""海外行きたい… \n籠もるのは冬だけでいいんじゃあ～！""",2
ラズパイは言うほど処理能力は高くないからちょっときつそう,1
コバエシネ,6
今月こそはFX頑張って冷凍食品屋さんでたべものをもらう,2
そして久々に前向きスクリーム聴いて出勤中? 今日も頑張ろ！ふー,0
この時助けてくれた友だちは今もTwitterでつながってる。13年前のできごと。,7
気分が沈んだので憂さ晴らしに買い物に行き、買った服を早速着て街に繰り出し５時間踊り続けたらようやくスッキリして、四時間睡眠で肉体労働のあと深夜２時まで泣きながらデスクワーク仕上げた俺、まだいけるな。,7
私が新商品を食べなくなったら、物流が死んだか買い物すら自粛するようになったと思ってください。,1
期待してるから怒るんだ。怒るのもエネルギーがいるんだ。,6
うおお、昨夜飲みすぎて頭が割れるように痛いです。,1
長い動画の方が一気に再生時間が延びるので良いわけだけど、離脱率が高いと、良い動画と判断されないし、減ってしまう分、再生時間の延びにも期待できない。\n路上ライブで言うと、途中でお客さんがガクッと減る状況。\n\n最後まで見てよかった！となるには、無駄を完全にそぎ落とす必要がありそう。,2
でもこの弱ってる体で人が多いところ行ってインフル拾ってまた熱出したらアカン,5
旦那め、やらかしおったな･･･(ため息),6
あかん。10月始まりの手帳仕入れたから、9月終わるまでやる気起きないや。,1
絶対に達成しなきゃいけない目標は特にないのでいつ死んでも後悔はしない,7
そういえば昔、業務のやりとりのメールで、何回かに1回カピバラの画像を添付してくる人がいたなぁ。。。\n\n「今月は仕様が変更になっていますのでご確認ください。\n\n（温泉でくつろぐカピバラさんです）」\n\nって、文末に添付画像の説明が書いてあるの。\n\nあれはなんだったのかな。。。\n,3
新婚時に買った家電で、買い替えたのは6年目くらいで洗濯機と2～3年くらいでスチームオーブンレンジ。オーブンレンジは単機能オーブンと単機能レンジの2台持ちになった。余計な機能付いてないから安いし丈夫。,7
なんなん。\n\nなんか私に後ろめたいことあって褒める作戦か何かなん？？って思ったんだけど、なんかしみじみテレビ見てんの。\n,3
フィンランド行ってからずっとなんだけど、珈琲を淹れるのが自分のリフレッシュになっている。_x000D_\n_x000D_\n今はミルで挽いてます。_x000D_\n_x000D_\nマニアックにならなくていいから、ひとが喜ぶ珈琲を淹れられるといいなー。,0
猫もいいな。,0
大潮なのに台風来るのね。大室のばあちゃん家海から徒歩30秒なんだけど、高潮被ったりしないか心配。海には近付かない方がいいよー。,5
LINEのアンケート2回目来た！,3
一年生楽しそう,0
帰れま10見てたらイグジ出てきたから旦那にチャンネル変えられて無人島のほうにされたけどまあいいやって諦めてたらそっちにもイグジ出てきて草,0
何か自分をちょっと奮い立たせないといけない場面に立ったとき、いつも思い出す。 「あなたに足りないのは一歩前に出る勇気。自信がなくてもはいと手をあげる。仕事をする上ではそういう人が求められる。」 二年間で数回しか話したことのない、隣のクラスの先生の卒業祝いの言葉。,7
投稿がデブすぎる,3
日内変動でこの時間なると昼間納得してたことにまたイライラしてくる,4
往復4時間かかる本免試験のほうが落とせない,5
しぶやだけはびーえるにならないまる,7
ただでさえターン数多いのにプリ使うやつ長考多いのなんとかしろ,4
好きなものに対して「～だから好き」って言葉にするの勇気がいるよなあ,5
今日は普通に家出んほうがいい,5
ある占いによると、自分は森、らしい。人の出す毒に弱いという。それは納得。ただ、様々な動植物の住みかとなり、酸素を生み出す森にとって、幸せは何だろう？,5
うわあ,6
またもや例の先輩から食事のお誘いがあった…。断固拒否ですね。,6
オンライン新歓で部長イキりしてるのに授業一緒に受けてるバグ,3
結婚が人生で一番最高とか人生の墓場とか言っちゃう人はナンセンスなのわかるな～～理想抱きすぎるからダメなのよ,6
IA謎賭けでカモられたんだが！くそ,4
はああ？\nうざすぎる\nメルカリで初めて悪い評価ついた\n\nしかも理由聞いたら\n到着が遅かったから\n\n北東北から沖縄まで送ったらコロナの影響もあるし1週間はかかるだろって思ってたからこっちも催促せずに待ってたのに\n\nそれ言ったら、最初に忠告しないあなたが悪いって\n\nは？？\nふざけんな通販じゃねえ,4
ひとりになりたいだろうと思って早めに帰ったけどそれは私の勝手な想像で、もしかしたら誰でもいいから側に居て欲しかったのかもしれない。本当の本当は思いやりなんかじゃなくて、泣かれたりしたらどうしようって思って、そんな姿を見て自分が傷つくのが嫌で逃げ帰ったんだよ。,1
デブ,6
職場環境も人間関係もほんとおかしいけどあとついに半年。休みの楽しみのために我慢頑張る,2
今日の金曜ロードショーのやつ、こわいかな,5
コンビニで買ったファンデより100均で買ったやつの方がノリがいい,0
今回も血圧が低かったです。最高で100ない。。。笑,5
今日は、大好きな美容院なうだよー,0
webミーティング、開始30分前ぐらいからソワソワし出すし、開始5?10分前に何回も時計見ちゃう。他に何も手につかない。\n\n,5
こわい ,5
縋り付きたい人色々いるけどねえ...こればっかりは駄目だ,1
MeetFresh行くために有楽町に降り立ったら美容室のキャッチに捕まって(美容室のキャッチに捕まったのは初めてだった)しまい、丁度髪がうざったく感じていたので断る理由もないしということでホイホイついて行ってしまったのだった,2
フォロワーじゃなかったらしい,1
年賀はがきが足りんくなって、ゆうゆう窓口に来たら、行列できとらす。30人くらい。,3
旦那へのイライラがMAXに達したのでピザを頼んで今ちょうどむしゃむしゃしてるところ。(ピザの到着時間はハリポタに照準を合わせた),4
あっという間に朝だー(°_°)\n仕事行かなきゃ、頑張らなきゃ。。ちょっとだけ、化粧を頑張ったわたしがいる。。,1
俺が必死になって3年間履修した「線形代数1」あっけなく単位取れたわオンライン最高。,0
平均身長高ない？,3
具体的にどのような論争が起こっているのかを見るとソウルジェムが激しく濁るので見ません,5
今日が命日,5
喋り方キモすぎて5秒で見るのやめちゃった ,6
スマホ一つで?\nって勧誘はまじでいらん\n\n仮にそれで稼げたとしよう\n世界中の人がその働き方してないのはなんで？\n勧誘することで「しか」稼げないからなんじゃ...\n\n話聞くだけタダ\n紹介動画無料で\n先輩が説明してくれます\n\nだまれ?( ^ω^ )?,6
国会中継で議員に脳波計をつけて居眠りしてる奴がいたら床が抜けて下水道に落下してそのまま懲戒解雇できるシステム作って欲しい\n居眠りくらいでって思うけどそれくらい緊張感持ってすべきだと思うよ。,4
うちも体育会を見てる。,7
マウンテンクライマー、たまに連続でできずに休んでたら、自分では動いてないはずなのにカウントされてたw,3
あっ、保健体育と家庭科は言わずもがなですね！！！　大嫌い。嫌いじゃない大嫌い。,6
今日も暑い！\n\n畑行くつもりだったのに、買い物して終わったからね,1
夜の仕事してると男の嫌なところしか見えない。\n\n男もいくつになっても変わらない。\n\n60歳過ぎたおっちゃんも見た目はどんどん老けていくけど、中身は子供だよね。\n\n自分の父親も家では良い父親だったけど、私の知らないところで、同じようなことしてたんだろうなぁと勝手に思ってる。,6
途中まで方向守ってはいたものの最後の最後に急に方向転換して狭い階段封鎖して私と私の後続の進路妨害してきた女さん邪魔すぎてマジではっ倒そうかと思った 急ぎたいのはお前だけじゃありません,4
うわうわ予想より長尺で11月のリサガキ使出ててウケる,0
手足口がやってきてるのか。手足口は恐ろしいぞ。もれなくとびひになるからな。ついでに一夏に2回かかったりしてな ※全て我が家の経験のみによる偏見,5
決まれば絶大な威力だが、決まらなければ相手は無傷,5
酸味の聞いたキムチになかなか出会えない…,1
先着1名様のポスターは無事にもらわれていきました。ありがとうございました！,0
反省はするけど、萎縮はするな。ってめっちゃいい言葉やな。さすが孫さん。,7
ド疲労状態でC1000武田を貪るように飲んでいる自分に気づきヒいた,5
海外出張から帰ってきた。週報提出したら週末はスプラトゥーンンンンンンン,2
ストッキング手当はストッキング着用義務付けるなら出せやって思います本当に 消耗品なんだよ,4
一生消えることのない怒りが今日心の中で点火した。,4
向こうはその返事を起き抜けに見るわけですが（ザマァ）。,4
1年以上見てないから今更遡らないけど「複数対1人は卑怯」発言は見たいかも（笑）そう言ったのに自分がしてるのは記憶系があれなのかな‥だと話聞く度答え変えたり意味不明の事言われたりも納得いく,2
ちょっと前に起きて、子に宿題したか聞いたらまああんまりせずにゲームしてたんだけど、私がその話をしだしたくらいで、便乗？して夫が注意しだすのわけわからん。夫、同じ部屋にいたのに声かけとか何もしてないやん？？,6
寒すぎて帰って着てから全然動いてない。,5
りんさんおパンツにしか見えませんよぉ！！,3
時々、隣人のおばちゃんにお金を要求される。「孫がお腹を空かせている」「電気代が払えず困ってる」など。\n\n隣人に関しては、僕の家への放火疑惑があるため、拒絶は得策ではない。と頭ではわかっていても、タダでお金を渡すのは抵抗がある・・,6
東京から逃げ出すバカ増える前にとっとと封鎖してほしい 他県に迷惑かけんな ,4
なんで今週は休みが4日ないんですか？？？,1
mexプラスの額も損失も実感があまりないから気軽に100枚くらい持てそう,2
自分からおまけを要求するなよという思いは一回寝ても変わらなかったので特になにもつけずに発送した,6
成績開示を見て…俺を落として受かって行ったやつ無駄に大学生活過ごすんじゃねえぞ,4
中途半端な年代ばかり聞いているのは過去を懐かしく思うことできず、現在にも留まれず、未来も見えないからなのかも。単なる言い訳。今すぐ聞こうって思ってn度目なんだろう。,1
自粛無視ってなんか日本語として違和感あるけど、用法として合ってるのかな。,6
何が言いたいかって、 美しいひとになりたいなって、心から思った,7
コレジャナイロボ！,3
あさってから台風て、富士山で遭難したらどうしてくれるんだ。,5
急に苗字呼び捨てしてくるやつなんなん？付き合い長いとか付き合い短くてもなんとなくお互いの同意があるじゃん？そういうのないのって私が年下だから見下してんのか？呼ばれる度に地味にイライラポイント溜まる,4
特に実感もわかないし失敗するつもりもないけど万が一明日のテストミスったら留年なんだよなぁ,5
娘への自動鼻水吸い取りが完了。泣くけど風邪の悪化よりは全然マシだ。,7
今年の居住ビザ更新は、労働許可証の更新も重なって10万円以上飛んでいく・・ボランティアに戻ろうか。,1
伏線回収して終われよー(°?° ?),4
気持ちはわかるけど\n医者が少ないんだから仕方なくないか？\nコロナは致死率低いしアルコールで死ぬんだから\n逆にインフルの方が怖いと思うけど,4
最近投資をよくやってるのに着実に貯金できてるのはなぜだろう？,0
夕飯はなんだかやる気がなさ過ぎてガストに来てしまった。ダメ主婦だ。,6
きのう夜中酔っ払ってyoutubeで耳垢除去の動画を延々見ていた記憶がある,3
ヒトラーが言っても正しいことは正しいし、ナイチンゲールが言っても間違ってることは間違ってる。,7
スウェーデンのコロナ対策は失敗って言われてるけど、財政負担になる高齢者を効率的に減らして、経済活動はできるだけ維持したのってどこよりも上手いと思う,7
新元号関係なく内見しに伊勢行くんだけどめっちゃ混みそう,5
あー、気持ち悪い。コナンくん観てテンション上がってたのに…。,6
ゼロのゼロ乗って何やねん,6
近所のうどん屋さんが、いきなり味噌ラーメン屋さんになってて戸惑いを隠せません。。。,3
息子が絶望状態のとき所構わず頭を思いっきり振り落とす現象を、プレーリー爆弾と呼んでいる（メモ）,5
相変わらずここの病院は胸に聴診器当てながら 大きく大きく?? って言うんだけど何が大きいか言ってみろやコラ,4
ネコポスが一番安くなるのか,2
普段使わない分、やっぱりキツイ。 とりあえずどうにか4分の1は終わらせたい。,6
コスティッチのクロスも鎌田のスペースへの走り込みとダイレクトボレーも完璧。鎌田やるな。,3
ワイヤレスイヤホ、プラプラしたコードが電車内で他人のカバンに引っかかってズボ！！！！！！！！！！！！！！！！！！！！！！！と抜ける心配がないってだけで十分アド ,0
恋人に初めてイラッと来たよ今日\n電話もメールも仕事の連絡返さないの何なんだ？？むっかー！今日1日困ったじゃん(●･??･?●)病欠かもって心配しちゃったじゃん(●･??･?●),4
初めて観たジブリ映画がこの名作だったから思い入れが強いんよな,0
外出たからには、本屋に寄ろうと思ったら、まだ開店準備中だった。悲しいが何もせずに帰る…。,1
ゾラ注の治療中にスッポリ記憶が抜け落ちるような状態になって、主治医に言ったら「年のせい」って言われて殺意を覚えた体験より…,4
これは荒れるぞ…,5
なんか美味しいもん食べたい\n贅沢したい,0
あー楽しかった！「時よ」でフルテンションでノって今腰痛いけど楽しかった！,0
「愛情を受けて育ってるかどうか」っていうのが結構人を見る軸になってるのね、かねちは,3
良い米ってあれだ、名前が5文字,7
髪色暗くしたい,2
ついに九大のアラムナイも伊都に移行か,0
ガルパン本編見返しててガラケーとサンクスの懐かしさに悲しくなったおばさんだよ……,1
おもろかったけどこれまた大風呂敷広げるタイプなんやろなぁ。,5
昨日いろいろやらかしてるのをさっき気づいた ヤバい。,3
エボラ出血熱の患者にハグされても怒らない人だけが坂本プロを擁護しなさい,7
札幌に旅行行くなら絶対いくべき ノースサファリ ,7
車の運転の苦手なところ\n車線変更\n右折\n右右折待ちの車を左から抜かす時\n巻き込み確認\n高速道路の合流\n運転中に話しかけられること,5
11時半まで寝てました。子供は餅食べてました。,3
新聞にピペド＝ピペット奴隷って書いてて、十年前は確かにピペット土方だった気がするけど、この１０年で更に身分下がった様子。,3
クッソョンハァンデが欲しいけどランコムの新しいリキファン気になりつつこれからの季節はパウダーの方がいいかなあとかまあまだ暖かくなるまでに時間あるかしら…ウーン ,2
「人肌ぐらいの白湯」が好きだと気付きました。赤ちゃんのミルクか！\n\n,0
加藤純一が東海オンエアは同年代の男は恥ずかしくて見れねえんだよ的なこと言ってたんだけどQKはバチバチ同年代ですね…,3
言葉ってほんと大事,7
ちょっとは涼しくなってきただろうし、牛乳買いに行ってこよう。,2
ラーメン食べてたら終電逃したから、あさみんち＼(^_^)／わくてか,0
昔少しだけやっていたNaverまとめ。見込み額が416円で振り込み可能みたいだけどいつ確定になるのかな？？？申請忘れそうな人多そう。,5
花火の音するのに、花火の頭の方しか見えない、、、虚しい?みたい,1
麻雀打ちたいと思うのはわかるけど、天鳳か雀魂しとけよと思う。,4
ULTRAMAN、JAMじゃないのかー,1
毎日毎日、何もせんとゴロゴロとしやがって!!家におるやつが家のことしろよ！掃除機だってかけたいのにゴロゴロされてたら邪魔やねん!!ちくしょー。直接いえれば楽なんだろうな。だが、面倒なことになるから言わないよ。そのかわり、老後は面倒みねーからな。,4
はあ、貴重な睡眠時間,1
いやマジでウザい キレそう,4
会社の先輩 むかーー！\nきらいすぎてやばいです！,4
明日から新しい試みを開始。\n一見そこで終わりに見えるけど、ほかに繋げていく?。\n\nわくわくのわく。,2
原油価格がマイナスって意味がわからないなあ。,3
シャワーに入るゾンビたちｗ,3
やりたいことが多すぎる。幸せなことだな。,0
省庁でのプレゼンを終え、颯爽と首都から立ち去ろうとしたところ、「飛行機4時間半遅れるから」とチェックインカウンターで言われた時の虚無感。,1
群馬県太田市長が新コロ患者の特定可能なレベルの個人情報をツイートしてる　おわっとる ,6
怒ってますアピールすなよ腹立つな,4
結局寝ることができずこんな時間。。。不眠だなぁ。ふーみん。,1
仕事のスケジュールをいったん整理まだまだ胸突八丁目,2
vivomove Styleをぽちってしまいました。,2
旅行なのに一眼の充電器忘れてしまった…なえなえなえー,6
なんでサスサクだろって考えた結果、その時推しが辛いめにあってる時ほどサスサクという公式にも安定した確たるものだから、安心感を覚えてサスサクにのめり込んでるんだといことが熟考の結果分かった。\nエレンや飛雄ちゃんのときもそうだったからな…,7
このままだと最悪入院するかもしれません。薬を飲んでも熱が下がらない。悪くなる一方だ,5
ロナちゃん気になりすぎてことりちゃんに気づかなかった(´；ω；｀)\nごめんよー(´；ω；｀),1
今日は道後や,0
人気あるのかわからない。\n個人的にはドはまりしてる。,0
かさぶたになって 痒くてこすっちゃって また血が出て を、この先も繰り返すのだろう こまた。,1
シナリオブックを買うために書店梯子するくらいにはハマりそうだったんだけど表記ブレが気になって終わり。,6
米ぬかはじめて飲んだけど、きなこみたいで美味しい！,0
考えてくれ?,6
カードゲームを批判するのに他のカードゲームを例にだすのは別にいいと思うんだけど、例にだされたゲームの情報があきらかに間違ってると、お前やったことねーだろと思う。,4
やぱニコ動の特許の流れるコメって画期的だよネ,0
来月も東寺に行こうと考えつつ、移住を結構本気で思う。水道で髪がキシキシになるのは慣れだろうか。,2
私の心の中のよしこ\n＿人人人人人人＿\n＞    クソが！  ＜\n￣ＹＹＹＹＹＹ￣,4
雨雲が来るわね,6
専業声優になるには顔もそこそこ良くてトークもできて歌やダンスなんかも色々出来なきゃいけないし、昔よりはるかに厳しい時代だよなぁと感じる。 一時期は専業でやってたけど、これを死ぬまで続けると思うとしんどさがすごくて…,5
おなかすいたっぴ,2
分からない、もしくは知らないは免罪符ではけしてない。事情はその時々で異なるだろうがどんなに時でも言い訳に使って良い言葉ではないと思うのだ,6
4月1日にイベントやる予定なんだけど、直接人を集めないでやる方法ないかなって考えてる(´・ω・`)\nコロナウイルスの件で中止するのは簡単なんだけど、せっかく都合合わせてくれてる人も大勢いるし、どうにか直接会わずに同じようなことができないかなって,2
EXPERIAって本当に防水なんやね。風呂に落としたが生きてる！,3
はてなブログの分は全部SSL対応に変更した。,0
運営がルール提示したくせにそのルール守らないってなんなん？馬鹿なの？それなのに大企業だと許されるの？？,4
わたしが毎回匿名で｢目元隠せばイケメンじゃね？｣って言われるのはむかし目元からビームが出て村を焼き払った時生き残った少年が大人になったからです、いつかわたしを倒しに来ます,5
適切な量を楽しく飲んでいる人が大半なのは重々承知していますが、ストロングゼロは販売許可制にでもしてほしい。,4
ちょっと頑張って食べるとすぐ吐く…もったいない…でも太りたくないから吐いてしまう（´・_・｀）もっと顔小さくなったら可愛くなれるかな…なんて思ってしまう。。\n明日は1日ロケだから今晩はパックしてもう寝ます。日焼けしませんようにーーー,5
Meet fresh行きたすぎるんやが,2
水曜休診に怒髪天,4
かぼちゃコワイ、キライ(´・ω・｀)\nもう一生触らない(´・ω・｀),5
計算ミスで専門科目を3単位余分に取得していたことが判明して後悔している,1
早く最高の夏の思い出作りてえ,2
通称：ねずみ男（父）,6
なんで！こいつのことだけはなかなか消えてくれないのか！ 美化してるだけだとはわかってるけども！,4
あれ、夜に殺すな、も聞いたことあるな？クモの扱い。,3
今月からアイライン人生スタートヾ(oﾟωﾟo)ﾉﾞ,0
キャプで見たとおりに女の子がかわいいですね、好きな絵柄です　自分が絵を描くときに参考にしたい,0
XRPも少し触ってみたくなったからbitbankに登録した,2
18時間勤務のあと、元カノいるっていう誘いに乗って新宿オールしたのがまじでやばかった,1
誕生日で女の子からお菓子もらってるあたり、今年の俺は何か違う。,0
研修で俺を明るいと評した講師が居ました、こいつは見る目がないなと思いました、私は静かに眠りにつきました,6
もうすぐ仕事場の最寄り駅やけど、めっちゃ行きたくない病が発症した(^q^)帰りたい。とても帰りたい。,6
この年になって初めて物理なんて勉強するもんじゃないな,5
旦那に腹立ちすぎて虚無,4
いや本当にこれだと思います。生存バイアス。,7
すごすぎ。,3
ほぼバイト行ってないくせに派遣やらモニターやら登録しすぎて自分の勤務場所が分からない状態＼( 'ω')／,3
咳のしすぎで背中が痛く湿布を貼ってもらう老後のような妻ですが、マスクを取りにリビングに行ったら夫は夫で19800円くらいで買った激安サイクルマシンを漕ぎながら名探偵コナンを見ていて、まぁ10年近く経てば夫婦なんてそんなもんだなと思いました。とりあえず家庭は平穏で何よりですおやすみなさい,7
クリスマスですね。本日より通信制限に突入しました笑,5
社会人だろ連絡くらいしろw,4
文フリ、休み休み回ってます。蒸し暑くて大変だなあ。,5
世の中に価値を与えているのであれば、信念を曲げる必要はない定期,7
ルンバ流行ってるのかな？笑,3
1日に2回映画見たの初めてかもしれない,3
損切りラインにかかったのであきらめてＳ切った,1
明日は京都に行きます,2
口癖直なおさなきゃ,1
こんびにうーばーしてほちい,2
ただ外の空気を入れるだけで、コーヒーがぐっと美味しくなった。_x000D_\n_x000D_\n,0
まっ、今は辞めれているので良しですが(笑)だいぶ遊んだな～(*´ω｀*),0
プラスチックが腐った臭い知ってんのか笑,3
PayPalからクソみたいな迷惑メールがくるんだが。,6
内向型はある程度､自分の欲求に正直になった方が生きやすいのかもしれないという今日この頃です｡無理に変える必要は無いが､外交型と比べて作業に時間が掛かってしまうのは事実｡効率化できる所をいかに工夫できるかですよね｡難しいなあ…｡,2
アプデしてからPUBG重すぎなんだけど,6
音楽は、一人で活動しないと食えない時代(・・;)？,1
さて、半年間のマスク着用生活を終えた今、省いていたチークとリップを用意しなければならなくなりました。,6
キャストリア絆マごちです…,0
文章が下手だとストーリーが入ってこない。昨夜読んだ志賀直哉よかったなあ。流行感冒と小僧の神様は何度か読み返した。谷崎も褒めてたっけ?。,7
あのなんとも言えない山手線の駅名の統一感の中に高輪ゲートウェイかぁ…,3
辞められないなと思うから辛いんだな、いつでも辞められると思えば気持ちが楽になる、いつでも辞められるように勉強しよ,2
バチボコに運転センスなさすぎてクランク、ポールにぶつけない方が珍しいんだが明日仮免,5
「ここの壁汚れてるよ?」と教えてくれるけど拭かない夫。子供達が乳児の時にも「なんか泣いてるよ?」て教えにきたな。,4
イースターは日本においても定着するのでしょうか。,2
フェミニストに対しては、男女平等を目指すなら、男性のみ徴兵制の国に対して、女性も徴兵しろって主張しろよと思う。平等ってのは利益だけ得るもんじゃないぞ,4
どうしたら、上手く仕事をまわせるのか。まだ慣れてないから気が回らないのか何なのか(´-ω-`)前にお願いしたことはまだ済んでないし。自分のしたいことばかり優先してるのではなかろうか(´-ω-`)もやもや。,4
天彦先生は神ですので,7
鼻がつまり過ぎて睡眠の妨害になると思って点鼻薬つけたら喘息気味になってしまって発作が誘発されたくさい,5
料理にまつわるトラウマがまた一つ増えてしまって悲しい,1
第六感とかそういう訳わからんもん研ぎ澄まされなくていいです。ほんまに。,1
THE BOYsのディープおもろすぎる。,0
誕生日ケーキって、手作りより買ったほうが絶対おいしいよね…\n\nと、自分に言い聞かせてケーキ予約する。,2
予約した時時間かかると念を押されたが、ぴーぷるぴーぷを制覇した我々に死角はなかった・・（思ったより速くお料理きました）\n,0
15分くらいフレクスでいこ,2
会報きてた?,0
?歴史麺1グラムが余裕なのは自明である。 ?歴史麺kグラムを余裕で食べ切れたと仮定する。（k≧0） k＋1グラムが余裕なのも自明である。 ?.?より帰納法から歴史は無限に食べられ、大ラーメン500グラムなど余裕で食べられることが証明された。,0
母の日ギフトに今回はアジサイを選んでみたのだけど、アジサイにもいろいろなバリエーションんがあって驚いた。ちょっとネットで最近の品種をチェックしてみようと思う。,3
「あの時勇気出していればなぁ(；´Д｀)」ってことが、振り返るとあるなぁ(^o^;)\n\nやらない後悔より、やる後悔。\n\nどっちみち後悔からは逃げられないから、どっちの後悔を選ぶ？ってことだよなぁ。,1
『リッチマン、プアウーマン』の再放送やってます。第一話。放送当時、大学4年だったということもあり、とても印象的なドラマでしたね。,0
1年ぶりに、前住んでいた家の隣人（インド人）に会った。当時住んでいた家は、今振り返るととんでもない家だった。リビングは鉄格子で囲われてるだけ、ネズミは毎晩寝室まで侵入して、子どもの服に穴ができてたっけ。,3
支部の評価システム亡くなったの本当にクソ,4
道行く人々に「本物なんて、あるのかな・・・」って聞いて回ってる,3
ラジオで普通に喋っててもかわいいから無敵なんだよ佐倉綾音,0
180センチ100キロの旦那が体にジャストサイズで動きやすい服を着るとなると、上は4Lで下が5Lなわけよ。まぁ旦那は中年おじさんだからりんたろーさんより遥かにお腹が出てるっていうのもあるけど。\n\nりんさんに服をあげるなら4L…？\n\nいやいやでかすぎない？そんなでかい？,3
しかも本人は反省の色なし,4
生姜焼きって以外と難しい,3
冷静に考えて近所のスーパー行くような格好で東京にいるので東京は綿半スーパーセンター,3
最近汗かきトレードしてないから税率70%に引き上げられちゃう,5
無駄に頭使いすぎたんかなー_(:3」∠)_？,5
署名用電子証明書等々、入籍の時は窓口で言われるがままに更新の手続きさせてくれたんだけどなんで引越しの時はしてくんねーの 失効すんなら更新手続き案内すべきだし案内しないなら失効させんな ,4
クラブじゃないパーティーか,6
雨やんだし学校いこ,2
はたらく細胞のOPが、きくこ姉さんとおのDになってる,3
みんな俺と同じ曲歌って、いい気分になろうとするの本当よくない。,6
忙しいな...,5
今日は難しいので研究に集中できそう,2
Twitter、1日どの位ツイートできるんだろうと思い調べたら400件位までいけるらしいです。そんなに呟くことあるんだろうか・・・。,3
学校を損切りではなく学校に損切りされる立場なので謙虚にならざるを得ない,5
"文句をつけていると決めつけるなと言う割に自分のとこでブツクサ文句言ってるし〇〇だと誤解しているんですかね?くらいのことを「素人に対して知識がないことを揶揄・侮蔑している」と""決めつけて""んのお前の方じゃ?ん 揶揄されてんのは他人に対しての態度がなってねえ所だよ ",4
一旦神様になった気分で愚民どもを許してやるかって思わないとやってられん,4
そろそろ「ネットでしか関西弁使ってなさそう」っていう新しい罵倒が出てくると予想してる　当たったらなんかくれ,2
前髪で目が隠れていても、見た目に反して意外と視界良好なんだよね。見た目はウザイけど。,3
大量の冷凍野菜ゲット,0
Control非含嗽じゃ話にならんのでは,4
しかも同じフロアに #お茶の井ヶ田 があって、小学生の時に制服のまま親と一緒に抹茶ソフトよく食べてた。\nあの時から抹茶好きが始まった…?\n#抹茶　#抹茶スイーツ,0
タバコは肺がんだけじゃねえんだよなあ,5
パチンコする人って頭悪い人多いんだろうなとは思ってたけど、予想以上なことがコロナで判明してる。,6
寝ているだけで朝起きたらお金が増えているやつやりたい,2
新宿地獄絵図,5
二段目の上げが来る前に家に帰ろうと思ってたら帰宅途中で来られたのでちょっとつらい,1
先輩方みたいに営業車ほしい,2
走ったらビール飲むか\nサクレビール,2
乱れすぎてむしろ正常ダイヤ,3
今日のハイライトは警察のPCがWindows7だったことです(xpだったらその場で笑い転げてたと思う) システムとかセキリュティーの関係で更新しづらいのはあるだろうけどシステムに接続しないはずの解析用のPCまで7だったのですが……,3
繰り返しになりますが俺ガイル完は3話まで見てから判断した方がいいです　なんなら2話までは倍速視聴でもいい,2
面接の時と話が違すぎてやばい話どころか書類も違う頭おかしい,6
仕事が山盛り、ゼミの課題は毎週あって、観たい映画やドラマも沢山あって、サッカーも観に行きたいし、好きなアイドルにも会いたい、たまには友達と会ってくだらない話と美味しいご飯を嗜みたい、何も気にせず眠りたい、だけど何をするにも時間が足りなくて、なんて言い訳と共に、大人になってゆく。,1
神奈川と静岡の気温差で体調崩しがちだよね,5
仙狐さんみよっと,2
併設コンビニで朝ごはんを調達していた。明日からパン屋巡りしよう！　しかも今朝なんて四千円も使っちゃった。ウッ。,0
早くも三日目ね。GW中10札本を読めなる宿題があるのでこれからGW二度目の図書館に向かいまっせ,2
次回に期待ってコメントした中国のお姉さんはあんまり嵐のこと知らなそうだったな。,1
黒板消しクリーナーがやたらうるせえ。,4
ちなみにどのような経緯で僕は明日昨日のきみとデートするを見ることになったかと言うと、加藤純一がその映画を見たからであって、夫が加藤純一の信者衛門だからです,7
もう雷いらんて,5
日本沈没2020、2話目にして嫌な予感がして視聴進まず。東京マグニチュード8.0よりキツイな。デビルマンcrybabyよりは…マシなのだろうか。,5
絶対おかしい,4
応募の時から、無くなりそうだとは思ってたよ。,1
博多座！放浪記！博多座くると、4人でレミゼ観に行ったの思い出す。もうあれから3年とか早すぎ！,3
こんな時間まで妻がライン自粛パーティーを友だちと開いている。。。せめてもの魔除けとしてニベアを顔に塗りたくって寝る。。。リア充ばくはつしろ。。,4
おはよう月曜日朝から雨でウォーキングはせずなんとなく肩トレしてたら昨日届いたマイプロテイン開けるの忘れてる事に気づいて早速いただきました今日も張り切っていきましょう,2
どーせ教育とか言って正当化するのなんて目に見えとるわヴォケ,6
娘は美女と野獣もアラジンもアニメの方が良いってw,3
トン単位の密輸出が日常的に行われているのに、数十キロの合法的な輸出が税関で無意味に止められる現実。,6
よし、仮眠しよう。おやすみなさい(?´ω`?),0
高速道路のPAで革ジャンを着たいかついおじさんライダーあるある　ソフトクリームを舐めている,7
一歩引いた視点で見てると自分はさほどイラつかず、人の滑稽な部分ばかりが見えてまじ愚か,6
一応facebookアカも持ってるんだが、近況アップデート→今どんな気持ち？の一文が何故かむかつく,4
さて、オビツ11ボディを手に入れに行かねば！＼(^o^)／,0
今日思ったより雨降らないね？思わず朝から45分もドラクエウォークしちゃったよ,3
かかとがあまりに痛すぎてタクシー使いたくなるレベルだなこれ,5
はいド──────ン!!\n .∧＿∧  　∧_∧.\n(  `・ω・)つ)゜Д゜)・゜\n(つ　   ｒ⊂　⊂)'\n｜　 _つ ⊂_⊂ノ\n`し´,4
子どもが可愛い。癒されます。,0
でろでろの状態を抜けなければ。がんばれ自分。,2
砂埃舞う農村地帯に一日中いたら、おへそが真っ黒になってました。。洗うか。,1
あああああああ\nううううう,1
しんどいから孵化ちょっとやめようかな。図鑑埋めてこ。,2
推しが武道館いってくれたら死ぬ、面白そうなので見ます。,2
ディーフラッペがいい,2
知っているかい？win8はタッチ前提なosであり、現行ノーパソのほとんどはタッチパネル積んでいないんだぜ、Hahaha,6
野田に住んでるといきなり霊波之光のゴッドフェスで無限花火で起こされるしわざわざ北九州からきた白装束おばさんに天守閣まで案内させられて心が穏やかになるヨガとか勧誘させられるのクソ,6
鼻血と鼻水は鼻の中での温かさが違うから確かに気付く。(大阪府・幼女の頃から鼻血を出し続けている主婦),7
iphone6だしさすがに色々たまってるのかもしれないな,6
「全嫁が泣いた！！」っていう広告を最近よく見るけど胡散臭さ満載やん泣かせてみなはれ人間楽な方に流れやすいから惹かれる人も多いいんかね,6
昨日バイト用のスニーカー履いて帰ってきちゃったから今日そのまま履いてバイトきたけど非常に寒いです、GUの底の薄いスニーカーから冷たさがダイレクトに伝わってくる,5
「学部どこ」 「理学部です」 「え？医学部？」 「いや、“理”学部です」 っていうやりとりめんどくさいんで、もう医学部でいってもいいかな。,6
npf行くのちょっと面倒になってきた,6
あとこの多幸感多めの作品で憎しみを演じた女性たち、奔放さ出ていたティナ、はるの安定感、話せない人が語りだす構造etc。見ごたえある作品ありがとうございました。,7
すごくどうでもいいんだけど、タピオカ系ドリンクのタピオカって、そのまま飲むのかな？ある程度咀嚼する？そのまま相当量飲んだらとても消化に悪いのではないかと急に心配になった。,5
パソコンの外れたキーボードをなおせた！,0
自分の作品のセルパブランキングを見るのが趣味なのですが、1週間前にモロゾフ入門が読まれて2日後にサイファイ・ララバイズが読まれてまた2日後に短編集が読まれて、次は小四女児連続自殺の解読んでくれという気持ちになってます。ハプニングバーの殺人には行かないでください。あれは地雷です。,5
ロドリゲスおまえアンダースロー打てるようになったのか,3
締め切りまであと数日なんだけど！\nなんなら3月からずっと応募していいのかしないほうがいいのかずっと迷って、もう〆切が数日ってとこまで来ちゃってるよ,5
介護職の人が足りませんよね。,7
同じ時間を共有するってとても大事な事やと社会人になって常々思う,7
電気ポット壊れたからもうすぐ買おう,2
入院したんだけどさ、朝ごはんは食べていいけど、明後日まで絶食だってよ……いや入院説明で言っといてよ……朝早かったから食べてないよ……部屋の人ご飯食べてるし胃が痛いし拷問……,1
ボルテおわったな。,6
何か少し悪いことをしているとき「自分はギリギリ許されるラインには立っているはず」と思いがち,5
今更ですが、西宮の回数券、1250円で取引可能なので、欲しい人も余ってる人も言ってください。,2
ま？,3
今使ってるパソコン、動くんだけど壊れてる,1
まるっと自分をペルソナにして、こういう人間が面白がる雑記ブログってどんなのだろな？と考えている。\n\n,2
久々に愚痴のようなもの吐いた()すいません,1
武田真治がドラマ出てると筋肉体操がチラついてきて集中できない,5
バカにしない、否定しない、肯定してくれる、気が向かない物でなければ一緒にしてくれる、くだらない事で笑える、けどダメなことは叱ってくれる。 これが普通に出来る人ってあまりいない気がしていて、出会えたのは奇跡だと思う。 母親がまさにこれで居心地のいい空間作りをしてくれたんだよなぁ。,7
歯の治療終われるかな(笑),2
fortranは計算速度早いのでまだ現役,7
えっ3期視野に入れてたの？？しかもCFやんの？？もう確定みたいなもんじゃん,3
ただひたすらに感謝。,7
ねむねむ,6
『天冥の標』はとんでもない傑作なのです。,7
仕事でご飯食べにきて、デパ地下でいまここどこ？状態。寄り道しなきゃよかった。一服。,1
寝れないまま早朝になったから語るね気に食わないポイント ,4
娘の友達が2人家に来てるんだけれど、3人とも2人兄妹の妹で、割と似てるところがある。,3
今日のわたし、すごい体調も機嫌も良さそうな顔をしている…満たされると違うのだな…,0
数年ぶりにきのこの山を食べた。やっぱり美味い！私は完全にきのこの山派です。笑,0
攻略本っていうほど必要か？なんかおまけでもついてるんかな,6
今更だけどLINEペイで友達に送金、楽ちん！！\nレジでスマホ立ち上げる→バーコード読む→金額入力するのが面倒でEdyオートチャージ無双だったけど、友達同士の送金はLINEペイ便利だな,0
思い立って模様替えしてるけど、終わる気がしないやつ。,5
あー、今仕事がおわった。なんだ！なんでだ！本当は16時までなんだけど…。,6
普段あまり興味ないけどガールズトークってたまに憧れるよね（笑）,2
無事落単祭終了したことですし、パーっと打ち上げといきましょうか,2
これ知ってたら応用情報受けてたのに,1
大好きなサンアンドムーンが遂に終わちゃった。ポケモンたちは最近のシリーズだと一番好きだったなぁ。20年間続いたアニポケが、リセットされちゃうのがつらすぎる。。。サンアンドムーンの続き、やってほしかったわ。,1
おや、ますださん今日声ちがくない？ 本当に風邪引いてるのかな,3
あっ、二次オタ垢消しついでに創作の方も消しました。どうもありがとうございましたー。癖があるらしいので表に出すことはやめます。,5
ディズニーこわい,4
日経先物、続伸！,2
でも停電するかもだからめっちゃ仕事進めないとやばい\nとにかく今日は忙しいやばい,5
ハギワラさんのキャス、とても面白かったです。こういったブンゲイファイトクラブの楽しみ方ありですね。,0
今年はじめての同人イベントは8月に参加することが確定しました。\n\nやはり関東にいるとイベントへのフットワークが軽くなりますね！,0
070から始まる知らない番号から着信…,5
今日やっと新居のネットが開通します…長かった…！！ 昨日の夜ラックの組み立て途中で力尽きて寝たのでリビングの散らかり方が半端ないから組み立てやってお片付けするー！ 午前休なのでまったりやるぞ,0
生活感のある一角を作ってしまった。,3
ねねっちは日本のゲームキューブ。,7
もう1年半くらいずっと自分の選択肢が間違いだったんじゃないかとか思い悩んでいて心にトゲが刺さったままになっていて、でもさっき改めてこの人についてきてよかったなぁ…と思ったらなんか泣けてきちゃってボロボロ泣いてたら「のびたの恐竜でそんなに悲しくなっちゃったの～！？」って心配されたｗ,7
原因ダニかと思って布団関連全部干して掃除機かけたけど、なう進行形でかゆい場所増えてるんだが…もしかしてモスキート…？,5
PS.I love you 化け物級に名曲。,7
3期くるかな(((ο(*ﾟ▽ﾟ*)ο))),2
家のWi-Fi調子悪すぎてマック来たら家族づればかりでわろた,3
あ?はやく彼氏に会いたいなぁと思ったけれど、考えてみたら既に旦那だったことに気づいた今,3
アドラーの「嫌われる勇気」ずっと生きづらかった私の人生を大きく変えてくれた本です。生きづらいと感じる方、人間関係に悩みのある方におすすめです。,7
いっぺん聞いてみな、跳ぶぞ,2
あと二年間先生が残ってくれたらゴールデンウィークがあと2年続いたのにってことしか考えてない,1
自分の学科の授業より経済の先輩の授業の方がよっぽど真面目に受けてる自分どうなん？,3
Itisパスポートとりたいんです\nにツボったヨコにツボってたらこんな時間,3
翔ちゃんとしゃぶしゃぶ,0
うに食べたい。寿司食べたい。馬刺し食べたい。,2
記憶は細胞に宿るのでしょうか,2
がんばらなくていいよー、やっとくねー、ありがとうー、の言葉がとってもとっても支えになるよね。 相手が普段どれだけのお金や時間をかけて、自分のために何かをしてくれたかを考えてみたらお返ししようってなるし、もっと優しくなれそう。,7
暑いな。(・ω・),5
エルレと嵐に会えて、BUMPにも会えるかもしれないなんて…！とりあえずアルバム待機！,0
1500円でサインパネルプレゼント応募用紙1枚だったのですが、MUCCメニューのみかと思いきや連れの頼んだ通常メニューもOKらしく2枚応募できた！やった?,0
金縛りにかかって2重に夢みてた…マトリックスかよ…そろそろ怖くなってきたから医者に行った方がいいのかな,5
起きたらビットコイン終わってた,3
雷こわい彩ちゃん帰すんじゃなかった,5
めっちゃ寒いですよ、関西は,5
今週末3日だけの超短期でグンマー行くけど、\nそのあと決まらなそうだから\n今んところは地元帰ることになりそう。\n\nでも家にいても何もやる気起きないから\n近い場所で作業できるスペース探して宿泊しつつ作業(あれば単発バイト)っていうのを検討中。\n\nとりあえずはよコロナ収まってくれ。。。(>_<),2
9回目、10回目。,4
コナンもついに1000話かぁ！,3
見返してるのですかパンクしてからの冷静な運転は流石ハミルトンだなあ。マクラーレンにF1史上初の黒人ドライバーが入ってきたってよ、え？アロンソと同じくらい速いじゃん、メルセデス行っても速いじゃんから、今や絶対王者だもんなあ。,0
最近ムスメが抱っこしてほしい時に、「抱いて？」って言うのを本当どうにかしたい…。どこで覚えたの…？  (1歳2カ月),1
足音がバッタンバッタンうるさいからもうちょっと静かにしてと夫に言ったら、いちいち細かいこと言うな俺やってお前の細かいこと大目に見てやってるんやからお前のことも毎回細かく言うたろかと言ってきたので、私が今言ってるのは足音だけだから一個だけ今言って気を付けると返した。ちょっと考えて→,4
チャイ語落ちたし英語1クラ(？)になってしまったし、言語の神様に嫌われてる気がする,1
スピリチュアルなものや人がちょっと苦手なの(苦手と言っても偏ったものとかに限る)、科学系の分野に進んだのもあるしそういう現象を雑な言葉で規定したくないというのもあるかもしれないとふと思った,7
寒い布団から出たくない??,1
つかれたー,1
子供たち、熱心に聞いてますね。お利口さんだ(  ?Ο?  ),0
血がもったいない 血は美味しいので,7
花火大会いきたい( ´_ゝ`),2
煽り耐性がクッッッソ低いため煽られると｢ふ～ん、そっか～｣って態度取るけど毎回内心マジで発狂してしまう、普段プライド？ないよ～？ みたいなムーブをするけど毎回自分の自信の無さのせいかついつい……,4
私が会いたいなぁと思ってるお友達たち、医療関係者だったり妊活中だったり赤ちゃんがいたりで、年明けに会おうねって約束したのに会えない子ばかりで寂しい。でも遊びたい気持ちを抑えて守りたいものを守るために、収まったら遊ぼうね！って言える友達だから、何年経っても好きなんだなぁって思う。,7
朝は寒いなー。今日を乗り切れば、明日は休みだ～＼(^o^)／がんばろー。,0
→そもそも誰のお皿なんだと言うところから頑張ってきた。途中仕事がどうだとか自分のフィールドに持ち込もうとしたり、水に浸けろと言うお前の指示が悪いと言ったりとかすったもんだあったけど、最終的に水をこぼしたのは自分が悪かったと認めたので負けはしなかった。(床は私が拭いた),6
未完成品っておこな人いるの？まぁ一般ウケするやり込み要素もストーリーも軽いし数ヵ月後に追加コンテツ有料あるよーって言われたら後出しずるいってなるのは分かるけど、7000円という価格だとボリューム的には文句無いけどなぁ。あとゲーム作るのにどれ程の人と予算割かなきゃか想像しろ。,3
"今は勢いでなんとかしてるワーママたちがやがて4,50代になり、無理がたたり過労死、が話題になるとかほんと嫌な未来。もちろんワーママにかぎらずだけど、いま、みんながんばりすぎなきがするよー。そしてがんばりすぎないと「自分が思う普通の生活」が送れないということも。",1
Zoomで定例会議やったけど、信頼関係があるから何の問題もないな。,7
電話だけ優しい先輩 謎\nシカゴでもう仕事嫌だーーとなっていた時だったのでホッとした、、\n\nこの尋常じゃない肌荒れはなんだ\n会社行きたくないーーー,1
あああうう\nがんばれ\nがんばれ,2
Apple musicとアマプラとyoutubeプレミアムに加入してるの現代人ぽさがある,0
共産主義カタン面白そうだな,2
東京オリンピックのチケット当たったけど、いざ行くとなるとめんどくさい。\n\nサッカー札幌ドームだし。\n東京オリンピックなのに。,6
森拓郎さんのストレッチDVD30日全身コース。,2
すぐ騒いで買い占めるヤツらなんなん？東日本大震災でお前ら何も学ばなかったのか,4
レビューにもあったけど、上のベッドに上がるの大変,3
さすがに今日は忙しかったのもあって眠すぎる　ねよ,6
髪を乾かしてもらうのって幸せの最上級感あるな,0
月を見て泣くとか、かぐや姫じゃないんだから,3
今回のアベンジャーズは2回見ても号泣することが今証明された,7
ロドリゲスいつもあの球にやられるけど変な打ち方してるわけじゃないのに毎回ポップで泣ける,1
うちは夫婦とも長男長女なので、そのへん少し頭に入れとこうと思いました。でもやっぱかわいいかわいいになってしまうわwwその他色々解説があり、思った以上に相手はプロだったわ。今後も気になったことは相談しようと思いました。,7
ねむーい,6
突如組曲ニコニコ動画というワードが十年の時を経て舞い降りた,3
ピッチャーはストレートよ,7
午前中まではマジでこの世の終わりみたいな体調だったけど15時くらいから復活した,0
キーボードが下手に来ると思ってなかったので目の前が不意打ち伊藤彩沙だった,3
ツイコール、よく分からないが地獄と化しているので時間置いた方が良さそうっぽい,5
やってみよう～,2
うどんうどんうどんうどんうどんうどんうどんうどんうどんうどんうどんうどんうどんうどんうどんうどんうどんうどんうどんうどんうどんうどんうどんうどんうどんうどんうどんうどんうどんうどんうどんうどんうどんうどんうどんうどんうどんうどんうどんうどんうどんうどんうどんうどんうどんうどんうど,2
ティッシュひと家族ひとつまでなのに2つ買ってるご老人………………………………お前みたいなののせいでな…………………………………………………………… ,4
新しいバイト先の偉い人、多分気が合わない,6
土日ってなんでこんなにあっという間なんだろ,1
今まで「スマホ撮影のみんな頑張ろうぜ」みたいなポジションに勝手に居座ろうとしてきたけど(何で？)、ジャペーソ経験者とかにもどんどん出現してきて逆に俺がスマホ撮影なん隠さないと迷惑かかる雰囲気になってきた,5
みーちゃん1stあくしろと言ってんの！,4
けっこう揺れた,3
SNSでの発言は、リスペクトを忘れない。誰かの代弁者であれ。,7
最怖ホラー短編の企画を見て小林泰三の玩具修理者に出てくる「ようぐそうとほうとふまだなのか！？」が脳内再生すごいのですが、調べたらそんなセリフはなかったようでナイアルホテプの言い換えで「ぬわいえいるれいとほうてぃーぷまだなのか！？」だったらしく愕然としてます。クトゥルフしらんけね。,3
わたしってどうすればE？,5
何者にもなれていない僕から見て、何者かになっているように見える人たちが自身を何者かになれていると認識しているか否か,5
かねちが魂削って書いたサイン入りのチェキ売るやつ絶許,4
とおせんぼが1番好きだったなあ ,7
スガーーーーーーー！！！！たのむー！！！,2
コロナ感染防止のため、診察室の扉が全部開け放たれており、色々聞こえてくる……(みんなだいたい明るくてすごいな～って思う),3
朝から歯にししとう挟まって格闘した,6
プログラミングは肉体のない学習,1
おもんないー\nさらっと消えて1人で飲みに行っていいかなー\n日本語しか喋られん女1人でそんなことして生きて帰れるかわからんけどw\n気使われんのしんどい,6
毎回毎回不穏だなぁ,1
試合の役員してると弁当貰えるんだけど、なんか数日ぶりにちゃんとした飯を食った気がする。,0
日が長いけど高い気温も長時間続くのは勘弁。,0
鹿児島・熊本が心配…,5
いつもの店ではよくやることだけど、のっぴきならない状況により、よその店で初めて、小銭だけのお会計で帰った。は、ハズイ！この感覚を忘れないようにしよう。,3
わーい。\nやっぱり3級楽勝だった。\n笹のすけは資格が一つ増えた( ?ω?)ｽﾔｧ,0
本日の歩数800か…クズめ…,6
だいたいクリスマスも終わった（私の中で）,2
つーか夜勤明けだって知ってるのに俺の部屋でゲームさせてくれとかいう兄貴の頭の中が理解できない,4
いつの間にか持ち駒がたくさん･･･！,3
うちの猫ちゃんたち毎日のようにムカデ見つけてくるんだけど\nあいつらどこから入ってくるんだ…,5
ホエイはビタミンB群が含まれるとは聞くけどそんなに劇的に変わるもんなんですかね,3
ペイペイフリマとやらで中古のiPhoneが売れたのですが、購入してくれた方のコメントが高圧的でキャンセルしたくなってきました。どうしようかしん。,6
10年ものの腕時計が壊れてしまって、新しいのが欲しい気持ちもあるんだけど電波ソーラーって3万くらいするのね。ズボラが故電波を諦めたくない。時計の面倒まで見られない。,2
明日元気あればリンクスに行くので各位、対戦よろしくお願いします,2
2017年のコウノドリアマプラで見られるようになってるー！！！,0
からあげ好き好き勢としてはガブリチキンきになるんですよね。,2
コロナ離婚か………在宅勤務になったり飲み会自粛になった夫の会社は現状にきちんと対応出来ている企業だなって思うし不満要素がない 本人は外出られなくてしんどそうだけど ,7
新瑞橋のトイレからいい匂いがすると思ったら洗面器に綺麗にラーメンが盛り付けられていたことがある,3
この人、人間関係に恵まれてるなぁと思う人って結の人自身が魅力的だったりしますね。,7
不可能を可能にするとかそーゆーの無いからね？,4
今の職場来てから毎日出勤して1時間から1時間半程度で腹痛が起きて軟便が出るようになったの謎体質すぎて,1
ウォリアーに対して強いデッキはそれなりにあるけど、そいつらは他のデッキに弱すぎて使えないから、結局ウォリアーが強い。,3
先週からおうちのことで悩んでド凹みモードで精神が死にかけてたのに、楽しみな予定が沢山入ってきて一気に幸せになっちゃったな。めっちゃ単純！,0
ボランティアしてる人を偽善者だなんだと言うのは勝手だけど、ボランティア先の被災者の方達を悪く言うことは許さない。不快。,4
寝ようとしてたらスマートウォッチ誤操作でランニングにレッツゴー！とか言われたんだけど絶対行かないよ。おやすみ,3
あと、クローバー！大倉くんと武井咲がでてるやつ！ベッドシーンになったとき、母と二人で「ないわ～。そういうのいらんねん。」って(笑)母も私もピュアか！っと言いたくなる。,0
嫌なことも、苦手なことも、ちゃんと受け入れる。いいことばかりは起こらない。世界はたぶんそういうバランスでできているから。,7
耳に穴を開けられた。一生開けないと思ってたのに人生何があるかわかりませんね。開けない理由は「すごく怖いから」だったので泣きそうに怖かったし、なんなら開けた後も怖くて半泣きだったし、精神がやられたのでテンションが低い。がんばった。耳痛いし今日は店じまい,1
終わってないけど帰る！ 納期なんぞ知らんぞ?！,4
トイレットペーパーについて\n\n非常時に、トイレの回数が劇的に増えるわけではないし、メーカーもそれを分かっているだろうから、生産量を一気に上げることはしないはず。作りすぎたら在庫抱えるだけだし。\n\n原材料が入手できる限り＆工場が止まらない限り、物不足にはならないはず。,7
正直、ワンパンマンのイメソンとキャラソン、どれも微妙なんだよなぁ・・・。,1
今日は洗濯したてのシーツで寝るこの瞬間を楽しみにして生きてきた！！！！！おやすみ！！！！！,0
元々荷物少ないから引越しが楽,0
親に取られたくない子供はさっさとオンラインで申請するんやで,2
ためになるツイートをしようかな…… 復讐するは我にあり の我って自分のことではなく神のことを指します、元は新約聖書（ローマ人への手紙）の「愛する者よ、自ら復讐すな、ただ神の怒に任せまつれ。録して『主いひ給ふ、復讐するは我にあり、我これに報いん』とあり」 からきています,7
眠くなってきたので寝ます。残りは明日頑張るよ？,2
日本語と英語が激しく混じるのでかえって分かりにくい,6
鈴原は元アイドルなのにvtuberなるし、古代生物詳しいし謎やな,3
塩マグロ 生ハムで検索すると同じように塩マグロが生ハムに似ているとツイートしてる人が沢山いたのでそういうことですね 塩マグロは実質生ハムなんです,7
わたしも人間ですからもうひとり男の子がいたら楽しいかなぁと1ミリくらい考えることもありましたが、先週胃腸風邪で吐きまくる中で朦朧としながら悪阻を思い出して、やっぱりもう二度とごめんだと思い直しました。,5
今日は昼の12時に起きまして、起きてからまだ7時間ぐらいしか経ってないんですがもう眠いです。,3
今までずっと、結果にこだわってきました。でも今は自分が楽しめること、喜ぶことを拾って行こうと思います。,2
言っちゃ悪いが沢尻エリカ\n薬物所持に違和感なし,6
Wi-Fi死亡まであと20Mb...,1
彼の地観に行く。初演見れなかったから再演されてよかったと思う。,0
トレンドにプリンプリン物語入ってるやんけ！デルーデル！,3
雪イベントなのにやたらと赤ベースのチラシにしたい上司思いだして鬱,1
推しカプ論争についてはあまり理解できない,6
アストン…。アストン…。つらい。,1
前職の先輩から電話があったが、嫌いなので着拒否にしておきました。正直、前職の同僚も上司も嫌いです。さようなら。,6
夕飯の残りのワンタンスープを飲んでるんですが、箸いらんやろーと思ったら全く口元にワンタンが来なくて、あっこれ箸いるわ！ってなったけど、動くのがめんどくさすぎて手掴みして食べてる。指がとんでもなく熱い。もぅ無理。。,1
２４ジャパン\n違和感しか感じないｗ\nそこが面白いけど嘘,3
機能やっと自覚したけど、私は職場で人の悪口や噂話を聞いてるのが相当なストレスのようだ。 今思えば前の職場も長年働いてた職場も、人の悪口と噂話がストレスになってた。あと仕事できない人へのパワハラ、陰口も苦手。多かれ少なかれどこもそんなもんだろうけど1日の大半それだからしんどいんだな…,6
いまこれになってて怒りが止まらない 引っ越したら失効っていつ誰が教えてくれたの ,4
10万はまるっと固定資産税にいって、夫はきっと10万と言いつつ13万くらい使って旅に出ると予想。,3
ローランドもいいけど、東城の時渚とかと対談したやつがめっちゃ面白い,0
第二波は来ないとか言ってたけいざいがくしゃの池田何とか、息してんのかな,6
ブログもしゃー！！！って書いてると\n編集時に2000文字前後なことに気付くんだけど\n800?1000文字でも記事として成り立つみたいなの普通にあるじゃん？\n少なくないかなーって思ってたけど\n10記事書いてみると逆にそんだけの量に書きたいことまとめられる方が凄いんだよなあ\n短さと濃さ意識して書こかな,3
あまりにも眠過ぎてご飯食べて30分くらい寝ようと思ったら3時間くらい寝てた。ゲームの体力が…,1
3月ごろだか、コロ○ホテルが縁起悪いとして、名前がコ○ナというだけでら宿泊客が減ったとのことでした。名前からウイルスはうつらないので、根拠ない忌み嫌う風習や風評被害はざんねん。,1
コンビニで買うお茶はだいたいジャスミンティーです。家に500mlペットボトル常備しておきたい。常温でも冷たくても温かくても◎\n\n,7
ふせぎの大蛇丸ストーリークソ笑った,0
水面下で面接やらお仕事やらをしていたんですが、こないだ仕事終わりにみんなでお茶しましょ！って強制で誘われて、三密空間でみんなでワイワイお茶会したの。その瞬間｢この会社は嫌だな｣と思い、帰って速攻｢私には合わないと思います｣と言って辞めた。合う人は合うんだろうけど私は無理だったわ！,6
bfからmexにbtcを送金したのだけれどトランザクションIDすら教えてくれないのどうかしてるな,6
禁煙キツすぎて震えてきた,1
ｂ／F/c.2全部読みました。全部読んだけど感想下手なので心の中で推しを応援します。,0
地元の図書館蔵書が多くて助かる,0
06年度生すげーくらいに思ってたけど俺がペン回し始めた時点でまだ0歳の方々だと思うと急にグロく思えてきた,5
昨日知った小説の上手い方はとりあえず沼を待ちながらいいなと思ったジャンルは一通り書いていた。すご。上部だけ、なぞることもできないよ。,3
昨日の夜からずっと下腹部に鈍痛走っててしんどい！キー,6
申し訳ないけど、22日も休みなら、半分くらいは日払いのバイト行ってくれないかな。給料だって減らされるのだし。,6
自分も周りも含めて全体的に具合悪い時は『重力と恩寵』を読むに限るわね……,7
おっふ,3
旧グリッドマンをつまみ上映したあと、新グリッドマンの最終話を改めて見たら、やはり特撮意識した作りだったことに改めて気づく。悪役がなぜ謎ビームに負けるのかと恨み節を完結に説明したあと、きちんと今から消滅しますよーってやられ方をする。最後のシーンで消滅せずに捕まっていたけど。,3
今週の緊張イベント終わった…,0
怒りの成行損切りをかました,4
細かく見ればテンポ合わないまくりだけど10年くらいためてた想いは大まかにこんな感じ ,4
運動不足でちゅんきー怒りのバッティングセンター,4
これ共感者いるかわからんけども\n\n生理的にムリな人\nって話すの以前に近づくのもイヤなのね。\n\nその人が仮に「眼鏡かけてる人」だとしよう\n\nその人の眼鏡だけが机の上に置かれている\n\n眼鏡だけですらイヤなのです\nなんなら眼鏡の周りに触れるのもイヤなのです\n\nだってそいつの顔にくっついてたものやで,6
マスクするしかないな,2
かみやはほんとかみやだよね,7
ほんとむり,6
この時間になって、なんかワクワクしてきた\n楽しい予定が増えそう ,2
おしりたんてい。こんな時間にもやっているんだ。,3
っていうか、英語の聞きすぎ,1
夕食後に旦那がお茶漬けだのコーンフレークだのを貪る現象はなに？このムカつく現象に名前つけたい,4
メール受け取りました、というメール、全員へ返信するのをやめてほしい。個別に送ろうよ・・,6
便利なものは不可逆。普及のためなら身を呈する。\n\nインターネット黎明期のネットスケープ、ブロードバンド黎明期のYahoo!BB、キャッシュレス黎明期のPayPay or LINE Payなど。,2
できることは山ほどあるか、疑わないこと。やらなきゃいけない家事が山ほどあって隠れていたとしても。笑,2
あ?なんか思い出してイライラしてきた? 圧倒的に負かしてやりたい。,4
パンフレット、家にあるのと同じものを間違えて買ってしまった(),1
無駄なことをしてもいいという知見を得たのでこの二か月は無駄ではない,0
きたのに！「データ、戻ったら渡します」って言って昼ごはん食べに外にいっちまったよ！何考えてるの？バカなの？私の時間を何だと思ってるの？本当にバカなの？,4
酒造タンクの中で死にゆく人の断末魔を聞いた(聞いたときは赤ちゃんの泣き声だと思っていた #フォロワーが体験した事が無さそうな体験,5
今日紅楼夢で地方イベ紹介の時にぼんぼり祭の話があった。両方参加された人もいたよう。,3
Masaruさんが日本代表に選ばれて嬉しいの9割、ストリーマーという観点で選ぶなら蒼汁じゃないの？という気持ち1割。youtubeの人を一定数入れたかったのかな。,0
ストイックさが足りない！,1
性に寛容なネットラッパーは信頼できる。,7
新規に優しいねー\n集客のためなんだろうけど前からガチでやってる人にはちょっとね、、,1
「人を判断する時、年齢なんてものの順位は、すごく低いところにある」って言葉が頭を離れないし、最近てか今までもずっと実感してる。,7
法規には時代的背景が反映されているので法規を制定した時代が異なっていればアルコールが禁止薬物で大麻が合法であった可能性もある,2
ツイートの賞味期限は、異常に早い。,5
目覚まし時計がなかった時代は、窓を叩いて人を起こす職業が存在したらしい。\n話は変わるが、今はインターネットを使って、仕事をすることだってできる。それは新しいテクノロジーすぎて、少し怖い時がある。\nただ、目覚まし時計の代わりになる職業は、今はもうないことを忘れてはいけない。,5
小中高大とあまり恋愛ドラマや俳優とかにも興味なく過ごしていたけれど、社会人になってから恋愛ドラマ見ればトキメくし佐藤健のラインにもまんまとハマってるしこの先大丈夫なのだろうか。,5
リスアニ最終日、まんまアニサマやーん,3
厚手のパーカーだと暑かった。夜は冷えるかなあ。,5
難しい言い回しを使わずに、ある程度砕けた、相手に寄り添った文章って難しいなあ。頭を切り替えないと中途半端な文章になってしまいます。,5
服部の家の写真、ミニチュアかと思った,3
かっぱ寿司のピスタチオアイスがめちゃくちゃ美味しいらしいので食べに行きたさ,2
だめだよサボっちゃ?,5
邪悪ツイッタラーっていうかツイッター戦闘民族の方が合ってそう,6
カタンやりたいから誰か3人ほど家族になろう。,2
じわ……じわ…………,2
やばかった\n何が良いかと言うと全部良いけど特に顔が良い,0
Tr?fico humano n?o ? solu??o da vida(人身売買は生活の改善策じゃないよー):そんな歌詞の歌が流れてきた・・その通りだ。,7
最近は完全夜型で３時に寝て１３時に起きる日々を送っている。寝過ぎ。冬眠間近かもしれない。,5
ローそその辛口ビーフジャーキー辛すぎて食えんからインスタントラーメンに入れてダシにしてやったは、二度とォレに逆らうんぢゃねーぞ、卍卍,3
「悪名は無名に勝る」\n\n悪評であっても名が知られている方が、無名の状態よりも良い、的な意味。\n\n確かに一理あるかもと思う。無名ではできないこともある。\n\n但し、悪名はずっとつきまとってしまうので注意。デジタルタトゥーは恐ろしい(・・;),5
月曜からテロられてずっと怒りをぶり返し続けてる\n聞きたくもない話を突然聞かされたので私はタランチュラをうっかり踏んでしまったと言ってるんだが人が歩くとこにタランチュラ置いとくんじゃねーよ,4
カバディが熱い(毎週言ってる),0
フィンランド行きがほぼ決まりそう。今年は初のツアー参加！_x000D_\n「脱☆旅行者」を掲げたので、フィンランドを愛する人たちにたくさん出会いたい(゜.゜),2
全くもってナンセンスなウイルスだな(憤慨),4
なんの渋滞な,4
ガス・電気代少しは安くなったな,0
好きな飲み物？\n\n常温のペットボトルのお茶。,7
心恋って言葉初めて知ったや,3
私のみかんへの執着が一人の男の人生を狂わせてしまったかもしれない…,5
知り合いの医者の奥方のお母さん（なげえ！）がパニック障害でしょっちゅう倒れるし、しぬしぬ大騒ぎが大変と聞いたことがあるけれど、わからんでもない。あの不安感。しにはしないし倒れないが、倒れるかもしれないしぬかもしれない不安はある。,5
家系たまに食べたくなるけど、味濃い目はマジで喉が焼ける感覚に陥るな ,5
アリカ様素敵だったー(*´▽`*)\nゆい様とのコラボもよかった(*???*).｡.:*?,0
プレベ欲しいなあ,2
シルフィンちゃんのRT企画は当たった人がフォロワーにいて、その後揉め事になってないから、詐欺じゃなくてちゃんと配ってるよ。,7
相対性理論の一発目は天地創造SOSだったけど音響めちゃくちゃトラブってた,3
シフト入らなかった分の8割で、2.5か月分だから多分15万ぐらいになるのかな。学費分の金額は何とか賄えそうなのでひと安心。,0
もう着せてあげれる服がないよ…。作ればいいんだけど、今日は作るモチベーションが上がらない…。,1
朝ごはんのお皿が机に置きっぱなしだったのはさっき運んできたし、昨夜の空き缶とつまみのゴミもようやくなくなってた。つい片付けたり小言言ったりしがちだけど、ぐっと堪えて放置の方が良いのかな。(41歳),2
ミスター◎、お客さんが間隔開けずにいっぱい並んでる。スーパーのレジでは1.5m開けるよう床にマークつけているけど。,3
最近体調壊しがち、よくないなぁ,1
親密性の外部化が進んでいる。機能が外に切り出されている。,5
ｻﾊﾞｹﾞｰしてみたい。私絶対に弱い自信はある(笑),2
幼稚園でまたお手紙交換が流行ってるらしい。長男の時は流行り出した頃1通ももらえなくて凹んでた。今回も次男もらえてないけどら「へぇーまた流行ってるんだ」と思える位に。,3
海外サイトでの買い物時は、信頼できるサイト、ショップで買うこと。\n\n偽物の見分け方を知っておくと良い。\n\nメーカーのウェブサイトを確認したり、問い合わせるのもあり。\n\n商品が到着してから、メーカーに問い合わせを行う場合、確認に時間がかかる場合もあるので、その時間も見越しておくと良い。,7
まじで職場の後輩は頭悪い\nゴミ袋邪魔そうにしてるけど、その場所に置いたんはお前やからな\nわたしは邪魔にならんように置いてたからな\n邪魔なら元の場所に置けば？\n頭悪いんかな？\n邪魔やからって、いつも私が使う棚使うんはおかしいんとちゃうか？\n些細なことやけどな、そういうのが多いねん\n嫌い,4
結構前からの約束をドタキャンされた理由が、”犬に餌をあげるために帰らなければいけない”であったことに若干イライラした自分がいる…,4
あと、トレンドできめつでて見るとコスばっかなんだけど、最近のコスオタは公式名称誤魔化すことしないの？\nコスで公式タグとかもやめて欲しいんだけど,6
餅好きだから餅は常にストックしている。,7
障害あるんじゃないかと疑ったら失礼じゃないかみたいな反応になるのなんでなんだろな 免罪符として言ってるわけでもない あるならあるでそれ相応の対応をしなきゃいけないってこと,6
ここ数カ月は、文字起こし、バナー作成、ライティングの仕事を並行してやっているけれど、今年の3?4月は仕事が本当に少なくなってしまったので、いつどうなるか分からないから備えねば！という気持ちは常にある。,5
3時……？ねむれないな。\n\n,1
仕方がないので次に移動,2
「田辺さん」っていうワード出てくるだけでもう笑えるようになってきたな,0
インスタのストーリーに誕生日おめでとう祝われたやつ載せて返事するやつ何得？誰得？,6
運動して痩せて金を稼いで小狼くんにいい服を着させたい\nその前に部屋の掃除だ,2
フリック入力が雑魚なのが悪い,4
主務は忙しいので、そういう面倒な仕事増やさんといてほしい,6
年数回しかやらないかもしれない作業のためにスクリプト書いても時間の節約になってなさそう,5
子供の頃からだけど 真面目とか大人しいって 全く褒め言葉に聞こえなくて辛い。笑,1
リズム天国やってやって～って言われたのでやり始めたんだけどリズム感無さすぎて絶望するんだけどw 歌い手とは…,1
なんとか心配事がひとつ解決,0
小泉ひなたをフォローしようとしてフォロワーみたら長谷川白紙出てきてビックリ,3
ろしゃおへいせいき、すごい宮崎駿みなんだが、すごい良かった。ししょー,0
アデーレちゃんと一生を添い遂げたいよな…,2
いいなぁ、あんたは自由にできて(´･ω･`),6
そういう分かりやすさはとてもいいと思う。ナアナアが一番ダメよ。意思表示は大事。,7
なんで0.00001mmレベルのズレでとやかく言われんといけんのじゃ 言葉の綾だろ 器小さすぎ,4
五月蝿い五月蝿い五月蝿い五月蝿い五月蝿い五月蝿い五月蝿い五月蝿い,6
お腹すいたしちょっと駅いってみっかな,2
大きい仕事の区切りがついたのでいったん外出しよう（仕事が全て終わったとは言ってない,2
適当な語尾付けたツイートしようとしたけどダサすぎて登校前に消した,5
滑舌やボリュームのせいでうまく聞き取れなかった時は聞き返すけど、何度か聞いても聞き取れなかったらもう面倒だから適当に合わせてそれっぽく相槌をしてそれとなく終わらせる。だから話聞いてないよねって結構言われる。,1
意識高くしようと思いといーく申し込んでたけどお金振込期限忘れてて電話かかってきた(今日までに延長してくれた),1
黄砂的なものが舞ってる気がする,5
鹿島話。今年は守備陣に光を感じました！ずーっとGKソガ一択でやってきた時代が長かったけど（なかなか補強が当たらなかったんだよね）、今年はスンテが正GKとして大活躍してくれて。それがなければあの過密日程はこなせなかったと思う。今年は本当に試合間隔が短かったなあ?_:(´?`」 ∠):,0
まホイップにむげんだいな持ってくるやつばか？,6
やはりスタバで作業すると集中できる...。\nゴロッとの果肉なくなって、やっとミルクイチゴ飲めたし満足！,0
さいとう先生の動画を見なかったら一生画力向上しな買った自信ある（画力が向上したとは言ってない）,7
追い込んでやるのが嫌で前もってやるタイプやけど･･･上手くいかないよねー＼(^o^)／,1
横に手を置く意味って何？痴漢ですか？意味わからん！,4
ウワーーーーーーーーーー,0
GW愛知にいるんで誰か遊んでください,2
現地人に相談したところ、放火の原因は限りなく「恨みや嫉妬を抱いた何者か」の犯行とのこと。そうでないことを期待してるけど、そうだったら速攻で引っ越そう。,5
腰が痛いヨォ,1
名探偵ヘイジのブックカバーを手に入れました♪,0
bfばかなの？,6
かねちがブリーチの箱の人みたいって言われたやつ、ずっと前にウチのガヤで出たとき言われたやつよな？\n\nあれがあの笑いに昇華されたのすごい,3
友達と喋りながらできるオンラインカタンがやりたい。,2
→ごみ捨ては出勤時(ゴミ収集車が来るかどうかの時間帯)に俺が出すんじゃなくて、前日に私が出しといてそれはお前の仕事やろとのことだったので、まあ了承。大目に見てやってるとか、ごみ捨てはお前の仕事とか、微妙にカチンとくるけど、週2こちらがやることで、静かになるなら得るものの方が多い！,4
だらけてしまう,1
11記事、いずれも小さめのが終わりましたが5000文字のが残っててもう限界なので寝ます,1
さっさと高校卒業して大学行きたい とか思いよったけど、今のメンバーでバカ話して笑えんなるのは寂しいなぁ、とか思った1日でもあった。,1
妙竹林さんカルフォルニア州立大学なの凄,3
コロナが起きる前から、疫病についてのリスクを想定していた人や語っていた人は本物や。,7
ウラジオストクあるあるどの店でもやたら80年代くらいの洋楽が流れる。もしくはそのリメイクソング。,3
きっと私は私の彼氏になる人を犯したいと思うだろうな。犯されたいではなく、犯したいと…。,0
終業時間は過ぎたけど、データのアップロードが終わらないから発注かけれなくて帰れない。\nくそが！\nデータが重すぎる！,6
なんだかんだ母は偉大。,7
ボランティアの家が問題ありというから見に行ったら、全然大した問題じゃなかった件。,3
本当は16時までの勤務なのに、19時まで仕事させられた。\n無理やー(^q^)イライラするー(^q^)\n明日も同じ仕事とか…絶対に16時で終わらんやん…,4
そもそも事務？がいらない？←考えすぎ,5
そして娘に彼氏がいるのを知っててからかってくる母。その発言と行動は変態ですよヾ(･ω･`；)ﾉぁゎゎ,6
昼間はあっつい、夜は寒い。 ビルの中は頭が茹で上がるほどの暖房。 秋の服装は難しい,5
混んでる路線を回避！こういうときツイッター便利,0
ただいま休憩。初NGKに大キョドりでしたが、こなれてきた！ 雀々さん、さすがの迫力！,0
やばい小説でも読んだかな？,3
ピンチヒッターじやねーんだから,4
まじでキモすぎる。こういう人って何考えて生きてんだろ,6
中途半端な時間に食べるご飯ってすごく美味しい。,0
試験なんかで単位取れるとかくそ,4
私が思うママ友の定義。「○○いる？」の質問に即答で「欲しい！」と返せる関係。,7
本日往々にしてブチ切れている,4
加速主義者の1日 まず朝起きるとコンサータをモンスターで飲みます 昼頃になると頭痛がするのでカフェイン入りの鎮痛剤を飲みます 夕方にもカフェイン入りの鎮痛剤を飲みます コンサータとカフェインが切れて倒れるタイミングで寝ます,5
ここ一週間、揺れをよく感じるけど私だけみたい,5
御二方ともお疲れ様でした。\n勝利を最後まで諦めない、熱い勝負でした。\n興奮してしばらく眠れないや＼(^o^)／←,0
だからYouTube見るならイヤホンしろって,4
クラスターとかもう発生しないでね！,2
デジャヴ,1
目が取れそうなほど一日中数字見続けてマクロ直して疲れて腹減ってイライラしてるところに重箱の隅をつつくような嫌味でクソ腹立つ,4
なんか、同期や後輩に頼られて嬉しい(*´`),0
帰ってこい、守銭奴麦。,2
全然論文書けない,1
明日から連休?っていう 仕事終わりの夜が幸せ,0
3月頭から有給で3週間休み、復帰したかと思えばテレワークに切り替えでここ1ヶ月半ほぼ家にいるけど、元々インドア派だからまったくもって余裕である。漢検のお勉強したりお料理したり有意義ですよ。,0
バカだなあ、バカは勝手にしんでくれればいいけどバカのせいで怪我したりしぬのは本当に嫌 ,4
嫌いな言葉\n\n「ご連絡遅くなり申し訳ございません」\n\n面談日程候補をいくつかお知らせください→○日と△日は可能です→返信なし→ご連絡遅くなり申し訳ございません→ほんまやで。遅いで。,6
社会人劇団という言葉は賛否両論かと思うけど、普及率が高いから検索用語として優秀。,7
どっちかっていうと、「うっわフッルーイ」ってこちらがバカにされる場合も多々ある,1
多幸感じゃないな。背景にたくさんの亡くなった人々、苦しんだ人々がいるから、この切り取られた景色に生きている人達は力強く生きていることが際立ってたのか。すげえな脚本家。,7
お喋りで飛ぶ唾での飛沫感染があるなら感染しているものの無症候性である状態の若年層がマスクするのメチャメチャ意味があると思って職場のマスク使うようにしている ,2
風邪もらわないようにとか、怪我しないようにとかいう危機管理としてのそれはわかる。でも別に遮断しなくてもいいじゃない。,6
必要に迫られて久しぶりに運転したら右車線を走ってしまった,5
うっせーなにが清楚で可愛らしいだクソが\n公共の場で不満垂れ流して軽くわけねーだろバーーーーーカ\n常識のある社会人はみんな本音と建前使い分けてんだよ,4
ねとふりは今月まで。Huluに浮気。,2
素材が少ないからあとはMMD制作者に任せた,2
ラップが好きっていうか、ラップ好きな自分に酔ってない？？あの人たち,5
リンホラまで24時間を切ったのよね...ひゃっほおおおおおううううう！,2
まよっちゃう,0
杉丸の「そだねー」声出して笑った,0
京都は宿泊税がかかるのでカード決済した後にまた現金払いするのがなーんか釈然としない。まとめてくれたらいいのに。,6
90分のうち5分だけ決定的な仕事をするのがメッシ。18時間のうち30分だけ湧き上がるのが俺の食欲。,3
マンションの階段を上ってくるときも二階くらい下でもう夫だって分かるし、会社でも結構離れたとこからでも夫だと分かるって言われたことあるらしいから、普通に足音はでかいと思う。酔うとますますドッタンバッタンだし。,4
セルフのガソリン、代金が4000円ぴったりになるようにちょびちょびガソリン入れたら結局4001円になってキレそう,4
ゴンさんイケメンすぎた、、,0
富野ほんと老害,4
おはよー。今日は関西方面へ出張なのら。,2
最近ダウンタウンの凄さを感じてる,7
用事があって、久しぶりに電車乗る。ドキドキする。意外と人いるな、総武線。,0
いや、野村って....,3
遠慮を知らないというか気を遣えない人は本気で引く\n呆れる。\n\nまじで関わりたくない。\n\nそんな人が勤務先にいる現実(白目)\n\nいちいち その人の行動が\n私のイライラメーターを刺激してくる,4
いろいろバタバタで死にそうだが東京ミルクチーズ工場のクッキーを入手したのでそれを楽しみに生きる…,2
アー写にありがちな目線バラバラでアンニュイなやつ、方向性の違いを表しているようにしか見えなくて胸がザワザワする,5
あとは小学校に入って1+1からやるとか耐えられなさそう。保守的な田舎に住んでるのでものすごく心配している…先生に普通に文句言いそう。口達者だし。ま、その辺も織り込んで、親業頑張るしかないっすね…,5
解除されれば何でもアリじゃあないでしょっていう考えだったけどそれだと愛知県民はいつまでも遊びに出られないから好き勝手やるぞ,2
普通に彼女とキャンプ来て良かったと思う,0
クーラーがないから窓全開に開けて寝てた娘の部屋を昨日開けといた雨戸まで全部閉めて閉じ込める父親に「殺す気か！」のセリフで起きる朝,4
今日もいい夢を見ました。ニヤニヤしてしまいます。笑,0
To be continuedの人、最近キモい人の役多いな…,3
あれもこれもＩＴ化すればいいってわけでもない。,6
blog全く更新してなかったので書いてます。,2
たしかに聞こえてくる言語は日本語なのだが、ビックリするぐらい一言も意味が理解できないの、すごいな。( ??ω?? ),3
今日はこれから健康診断です。。。,5
久しぶりの日勤、眠い,6
例えば綺麗好きな方が綺麗好きじゃない方の分までやってあげるという構造が苦手で、放っておけば？と言われても汚い状態が嫌なもんは嫌で。それぞれの強みを活かして?って言われる度にそれって強み搾取じゃない？結局自分がやりたくないことを他人に押し付けてるだけじゃん？と思ってしまう。\n\n,6
クリーニング出しに行ったらバレンタインなのでってチョコいただいた。,0
塗装研修→ライブのルーティーン２日目（どちらも２日なのが見事にかぶった）,1
席の予約でもgo to eatか！よっしゃ！と勇んで予約を進めると、人数が４人以上からだった。何それ??。,1
こんな涼しい日に電車で滴るほど汗かいてるの私だけでは…ちょう恥ずかしい…,5
ブルボンのリリース読んで、企業の日々の悩みと努力を一般の人が知ることになったきっかけとして高校生の取り組みは正しかったんだろう。,7
謝れない大人多すぎ。ぶつかってきても靴踏んでも鞄で殴っても赤の他人ならいいと思ってんのかな,6
長期で引きずるレベルの失敗をしたことないのはちょっと怖い,5
やっぱり代表として一番好きだったのは日韓のトルシエジャパンだよね…アンダーもトルシエが見ていただけあって年齢関係なし、いい選手を選んだ感がすごかった。あとやっぱりチームのムードメーカーとして秋田とゴンを入れる余裕が一体感を生んでたと思うよ。そしてダバディね。ダバディの熱さよね。,7
ニュースで「子供たちが学校が始まらなくて不安や悲しさでストレスがたまってる」って言ってた。みんなそんなに学校好きなんかな？わい学校なんて全然行きたくないこ子供だったから、今みたいな状況なったら「やったぜ！」って感じでゲームしまくって楽しんでたと思う。,3
録画見る前に知ってしまったなぁ,1
お陰でさっきまで何考えてたか忘れたじゃん さっきまで何考えてたか考えるからいいけど,4
ぎゃぼ！！！りーむーりーむーいらいらいら・・・・・・・・・・・・・・・・・・・・・・・・,4
時短勤務が終わってからTwitterにいる時間が本当に減った,1
10人に1人がメルカリ使ってるらしいから\nそりゃ誰でもかれでも好き放題なんだろうなーって印象。\n\n普通に購入しても期限内に発送されないこと増えた感じする。\n\n250近い取引して初めて悪いついたし\nこっちに落ち度がない取引すぎて\nまじ納得いかねえだ。,4
みさえは本当にいい女。,7
世の中バカばっかとか酔っぱらいには言われたくねえわ,4
ほんとに死ぬでこれ,5
何者かになった人間のツイートは眩しい,3
SNSはいつ身バレしても良いと思ってやってます。前にブログバレした人の話で「元々バレても恥ずかしくないブログを意識して書いてたから、ノーダメージだった」とあり、なるほどなぁと思いました。,7
トレンドの祖母殺害を見ているとうちの親族の方がマシかも。この世の地獄だな。怒り。,4
ライターにとって評価って本当に命綱ですよね。そして、「一度登録した評価は変えられません」と記載ありますが、双方で合意があれば当時は変えられました。結構昔の話なので今はダメかも知れませんが……。,5
おきたーヽ(??ω?? )ゝ?\n\nげつようびだ！,0
ヴァンガードのデッキ バンドリで2個、今日のミルキィで1個増えたので今3つ持ってる,0
お昼のテレビでやってたバリシーアとかポストコーヒーとか気になる（備忘録）,2
Ｓ様も鍵垢だからアカウントが出てこない。あーん不動の野球垢から行くしか……,1
という話を父にしたら、父の叔母がそういう気性だったといつもの回想がスタート。美貌で歌手デビューが決まっていたのに早逝したというオチ。,6
自己否定感が強い人は他人も否定する｡批判の多いのは、自分に自信がないと宣伝しているようなものだ｡自己肯定の人は、周りがなにを言っても気にならない｡それはそれと受け止めるのだ｡,7
この気持ちを誰に相談したらいいんや。もう、同僚も信用できへん。笑ってはいけない鈴倉が始まる。,1
神経内科で受診した手の痺れの症状、採血したところに連絡したらその分返金してくれるらしくて安心した,0
今まで、その存在がどれだけありがたかったのだろう。大切なことは失って初めて気づくのだ。これまで続けてこれたのは上司のおかげも大きかったんだな。辞めるべき時がきたら、絶対に直接お礼を言おう。きっと泣く。,7
ガス代がマーーーージで高い,5
最近の引き継ぎ被害の甚大さに、まじでイライラする…,4
久々の大阪、就活以来。落とされた会社の思い出つらつら,1
DROPOUT!? 絶対メタメタに盛り上がるしSaint Snowらしさがめっちゃ出てて好きなので聞きたいです……,2
IT部門で監視の仕事現場見て課長に感想を聞かれたときに「つまんなそうですね」って素直に言ったら「君わかってるねぇ」と言われてなぜか評価が上がってしまった回,3
ガムをくちゃくちゃ食うやつってなんで3回に1回口開けるの？閉じて食えばいいだろ気持ち悪い,6
さっき会社の食堂で、昔横領してトンズラした人のことで盛り上がっていて「横領は泳がせて証拠抑えないと」「アイツにお金貸したまま返してもらってない」って言ってる人も横領紛いのことしてて会社中の人から借金してるのわたし知ってるし、話相手してるその人も知ってるよ。,6
ゆうちょアホだし解約するか～,6
ものになり始めたら急に口出しし始めやがった、ろくに情報開示もしてこなかったくせに実験の進め方が悪いとか何とか、一年目、二年目だった俺に実験の進め方に対する選択権があるわけねーだろFUCK,4
県を跨いで遠出したり、皆でワイワイお酒を飲んだりするのが好きなタイプの人は、もう相当ストレス溜まってるんだろうなとは思うわ。,6
地震だ、長い長い。,3
市民だから世界崩壊してほしくないけどショーターだから世界崩壊してほしいという気持ちがブレンドされて「深夜の間に世界崩壊して寄り付きまでに全モしてほしい」という祈り方になった,2
4列シートなんだけど隣が空いてるのは助かる,0
佐藤会長･･･!!!,3
火災の直後、いち早く某掲示板で「犯人はBリサク＝A葉Sじゃね？」みたいなのが上がっていたのを見た。ネットは情報が早いねー。そして、それが事実だった。Bリサク…バリトンサックスという楽器のことでもあり、良い気持ちがしなかった。,1
両親とも岡山出身なんだけど、父が岡山以外の生活が長くて、母がそれに合わせてたからあんまり方言わかんないんだよね。「でぇーこんてぇーてぇーてぇー」はわかる,7
踏んだり蹴ったりじゃないですか,1
りんたろーさんのハンドクリーム買おうと思ったけど買って全然使ってないボディクリームとかハンドクリームとか山ほどあるのでまずそれを消費しますね。。。\n\n今まで乾燥してカサカサでもなんとも思わなかったんだけど、りんたろーさん見習って女子力上げなきゃ！,0
あらあら、マイプロは対応失敗してますます炎上しちゃってるのか。,3
もうtenorにgif上がってていいですね,0
もう土日終わるの…,1
凧上げのたこが電線に巻き付いて電車とまる。正月っぽいね～,3
なんかリストに追加されてギフト券がどうのこうのらしいけど詐欺かな,3
原稿…。眠い…。ちょっと寝てきます(´Д｀),6
だめだ　ややこしすぎる　ルールがコロコロ変わるのは困るー。タグいじり中止。,5
私は今、女の人でも電車の中で座席に浅く腰かける人を見ている。二人ずつ対面してる座席にも関わらず、浅く腰かけてるよ。前の人が窮屈だよ…。気付かないのかな？横に人が座ったら睨んだよ。こわいよ。電車は皆が使う乗り物だよ。一人のものじゃないよ。足開いてないからOKじゃないからね。,5
おはようございます。今日はゼミです。面倒です。,6
あ。今日IPPON GPやったんや！,3
徹夜したよ。珍しく父が「Mさんの短所、一つだけあるね、気の短さ」とわたしをさん付けで呼んで注意。わーん。長続きしないけど怒りやすい。,1
一度こういうやつだと決めつけたらそうとしか見られない癖やめようね？？？,6
そもそもすべてにおいてポヤァッとしてる子はどうしたらシャカイを生き抜けるのか…,5
どれが悪いの？,5
薬のんで暫くしてから戻した場合、もう一度飲んだ方がいいのかなぁ…,1
楽しみや～o(^o^)o,0
鼻血が出てきました,1
マックのポテトが食いたい… ,7
フェス、ラブライブ！の歴史に想いを馳せるような映像からの、せりあがってくるμ's、たーたっ、たったった♪ってあのぼらららの静かな始まりの音がきこえる…ってど定番？なのを期待している,2
女子に｢ちゃん｣をつけるかで私とその人の距離感がわかる(例外もあるけど),7
ねこちゃんが夜中に起こしにくる理由が「暇だからだろうねー」な友達とは十年来だがまだまだ知らんこと多そう。,2
まさかなーの全然寝れなかった。半分以上仕事のストレスやな,1
鹿島勝利★見応えあった！\nやっぱり右サイドは西がいいね…\n浦和に勝てたのは大きい。じりじり順位も追い上げて7位まで来た！\n\n今年は予想外がいっぱいあって面白いね。強豪チームが軒並み下位なのもびっくりだけど 何より札幌が強いんだわ。すごい！,0
はぁ、めんどくせー\nどないするねん。\nイライラしますなー。\nホルモンバランス悪すぎてイライラがすぎるぜ！,4
だ！か！ら！1月に何でもかんでも詰めないで！！！,4
正直、この状況だからこそ、白箱見て糞泣くのはわかる。,7
秋田県(南の方)なうなんですけど、あべちさん秋田だっけ？←,2
そういえばMIU。久住が顔もわからない件。会った人が何人もいるのになぜモンタージュやらんかな？と思ったんだ。不思議。菅田将暉、特徴あるよね。,3
38.0度\nわ...,5
転売品は薄くて平べったいものが大正義。ちっちゃくても厚みがあるものはダメ,7
若干イライラしている,4
五等分の花嫁、OPが最高すぎるな,0
会社アレルギーすぎてしにそう,6
数字にこだわる人ってなんだかなあ,6
4連勤キツかった,1
昨日のアジア大会サッカー決勝、本当に惜しくて悔しさも残るけど U21のみなさん素晴らしかったです！このメンバーで決勝ってやっぱりすごい。戦力的には、金足農業vs大阪桐蔭みたいな感じかな？それは言い過ぎ？とにかく誇らしいです、日本！,7
遺伝子、人間によって多少差がありますがその部分の遺伝子が集団においてそのように発現している確率が1%以上のものを遺伝子多型、1%以下のものを突然変異と呼びます♪ なので遺伝子の形が違うのは珍しい現象ではなくただ発現する形が珍しいということですね♪ 今日のかぷりすちゃんの生化学でした～,7
暇相場すぎて休みなのに学校行きたくなってきたしやめてほしい,6
姪っ子がクッキーにかりんとうをそびえ立たせるので「完全に◯んこで◯んこだ…」と思ったけどちゃんと口に出さずに我慢しました,3
ペンスピナーでもないくせに液晶の保護フィルムに傷付けてる人何なの,6
ポンバシ先生に激しく同意。 物を生み出す人は、心身ともに健康でなければ。 紛いなりにも作り手の端くれとして、日々そう思う,7
一番初めに買った車以外は日産です。,7
今日こそカブを売らぬと腐る！！,5
回るお寿司に行ったんですが、ひと皿、ネタのないシャリだけのお皿が流れてきました。。　まさに、ネタにならない話です。。。,3
ドラゴ倒したらまたディスクヒットミッション出てきた。残念ながら今日はノーダメージクリアはできなかった…,1
でも、私が悪いのかい？って、私は思う。,4
自動車の力ってすごいな\nどこでも行ける\n買ってよかった,7
明日こそ学校いくぞ!!って意気込んで、母にいうったら、明日から日曜日まで雨って言われて行くのやめた(^q^),1
チーバくんしんでしまうん？,5
トリセツ聞くと正直、イライラしてまう,4
正月休みに帰省してある話を聞いてから正直呆れた(-_-;),6
学級閉鎖が出始めた。学級閉鎖のクラスは学童では預かってもらえないことはわかっていたが、短縮授業になると家に帰されてしまうことがあると手紙に記載が。昨晩、慌てて帰宅後シミュレーションをした。鍵の開け方、締め方、母への連絡、インターホン、家の触っていけないゾーン主にキッチンの確認。,5
緊急事態宣言かー。このまま元気にひきこもります。,5
やっぱりRolandの父、松尾御大か。,7
ちょっと流石にやる気出ない,1
節約！体力！と思って久しぶりに徒歩で買い物に行ったし外食気分我慢してスーパーで肉買ったけどうっかりワインを買ってしまったので失点,6
や、やっぱ韓国キーパー強いよ,7
もう帰ってきた！,3
高校野球の解説してらっしゃる杉本真吾さん、松本さんのお声に似てる気がする,0
はー,1
あーあ。忠告してあげたのに。\nどうなってもしーらない(笑),6
畜産をする時は、動物のインフルエンザのリスクも考えておかなければならんわけね。,5
まともに雪が積もったのは今シーズン初ですね。立春を迎えてしまいましたが、やっと冬らしさを感じました。,0
ローソンのドラクエグッズ可愛い！スライムの形を活かした急須とか、はぐれメタルの質感を生かしたキーリングとか。シリコントレーはスライム型のグミが作れそう,2
大迫,2
そして気づく9曲ずつなら読み込める事実、読み込み対象は597曲、597 / 9 = 66.333…なんだたったの67回か,4
大阪が…,3
正直買い物行くくらいでディスポ使いたくないんよなもう ,6
警察、救急車、骨折、アル中のクソサー合宿終わった,6
デブが乗降口付近陣取るのは重罪にして欲しい,4
ニブモネア、講義室で見るには面白すぎた。,0
飲み会やってて、その横で合コンやってて、飲み会が終わるときにその合コンを、とぼすでもなく、笑うでもなく、盛り上がっていて良かったねと、見送る。これが人間として年をとることだと、私は感じる,0
寒気は普通に寒いせいもありそうだね。昨日も今日も寒過ぎるよ～日本の気候のバカ～！風邪ひくわ！,1
ニャンちゅうの声優さん難病なのにすごく前向きで明るくて素敵だなぁ。とても頑張って欲しいし応援している…,2
寝る前は必ずフランツリストの愛の夢を聞く,7
パスタとかカップ麺の棚スカスカだった…,1
まだ言えないこともあるからか、終始ふわっふわしてた言葉の中で辞める理由として、この理由だけはめっちゃ納得した　RT,7
泡ハンドソープ売ってねえキレそう ,4
○○市の学校給食を作っていた時も、バーモントカレーとゴールデンカレーをブレンドしていたもんな。,7
-2.65kg減。パタリと止まった。体重減少に向けた重大局面や。,1
それか江古田付近で何かイベントないかなと淡い期待\n,0
雑談がてら「○○が好き」って話をしたとして、「私○○好きじゃないんだよね」「私は別にどうでもいい」と言われることが多くなって、もう何も話せなくなった。,1
土日楽しかった?,0
ここ最近の聞いてびっくりした豆知識らキムワイプが洗って再利用できるということです。,3
いいかげんあのラッピングやめろよ。。,4
マジで服多い\nって持ってきたズボン系\n部活で着るようなウィンブレとジャージ持ってきたけどジーパンのが必要だった...\n最後 ジーパンかウィンブレの2択でジーパン置いてきちゃったわ...\n1着しかないから休みの日に買いに行こ...\n帰りの荷物増えるwww,1
先日のポテサラに続いて今日は餃子なのか。餃子食べたくなるやん。,2
驚くほど顔色の悪い女性がいたが、鏡に映った自分だった。最近抜け毛もすごいしな。顔色良くする下地とか買おうかな。流石に他人なら声かけるレベルで青い。,5
自分のことを語っていても注目されないからこそ、芸能人に噛みついて注目を集める手法もあるなと、想像できる。,6
雨やばいな,5
なんで一重まぶたがトレンド入りしとるんじゃああ,3
エンディング流れてる時に雑音出したヤツはシバこうかと思った,4
だめや。暑いらいら。,6
足立区議やばいな、別に誰も望んでLやGに産まれてきたわけじゃないでしょうに。普通の恋愛が出来るならそのほうが生きやすいって思いながら生きてる人の方がきっと多いよ。ただ｢普通に｣生きたい人達の気持ちを理解しようとしない人に街をよくできるとは思えないなー,6
成人式のあと理科大来るとなんか色々オワってて死にたくなる,6
「愛していると言ってくれ」全話観てしまった。この歳だからだろうなぁ、晃次の愛の深さに胸を打たれたよ。ずーっと紘子をただ愛していたんだなって、なんだか胸がいっぱいになるドラマだった。最終回が切なすぎて、やるせなくて、苦しくなる。フィクションであることが救いだとさえ思った。,1
寝ようとしたら甥が起きてクソ笑ってる  どうすんだこれ  俺が面倒見るのか？,4
腕と脚で負荷変えられたら良いのにw 負荷30だとバンザイプッシュとか、bestを規定回数出し続けるのきつい…,1
疲れた。きょう明日で終わるのか。オワラセナイト。,2
学科主任と勉学勧告zoomってキツ,1
注意力散漫はダメですね。\nしっかりなさいよ自分。他人の前にまず自分,6
スクフェスでまた無限マラソンが始まったらしい,3
「子どもは2人以上じゃないと、1人は可哀想よ」ハラスメントを受けて谷底へ突き落とされた気分。わたしが2人も産んで育てられるわけないだろボケ。,6
オンライン選挙は不正対策に莫大な費用と人手がかかりそうでなあ,5
仕事バリバリしてたら離婚届突きつけてたと思う,4
向こうが簡単にわたしを見切れない変てこな情があるように、わたしは彼女に恩がある。,7
爆睡してたわ。どこで落ちたんだろ笑 私以上に疲れてるはずなのにずっと運転してくれるんだから、ほんと感謝しかないわ。帰ったら飴ちゃんでもあげよう。,7
デンマークで体験したエピソード \n・初旅行の空港でブラジル人夫婦に電車を聞かれる\n・初コペンハーゲンでヨーロッパ人に日本語で道を聞かれる\n・バーガーキングに入ったらいきなりデンマーク語で話しかけられる\n・お化け屋敷を出たらヨーロッパ旅行者から「中はどうだった？」って出口調査受ける,3
とりあえず一回中身ぶちまけといた(笑) 缶だから,4
また何も前知識なしで仕事ふられたなあ、もうあいつには聞かねーけど,6
やばすぎ…\nてかマイナンバーカードごときで購入制限とか無理でしょ…\n穴多すぎ…\n冗談だよね…\n中国並みの規制するなら出来るかもだけど…,6
別冊マガジンでは進撃の巨人と荒ぶる乙女を楽しみにしてるんだけど、荒ぶる乙女は面白い反面、感情移入し過ぎて毎回読後具合悪くなる。ものすごいこっちの感情揺さぶってくる。,3
幼小中高大と全部もれなく卒業シーズンに泣いてきた私が泣かずにいられるわけがないと心配に思えてきた,5
久々に仕事で本気でムカついてしまった。好き勝手言いやがってくそどもが,4
それでもエリカ様は美しい,7
最近はロシアンツイスト(足は上げる)も取り入れた。,0
最近のすしらーめんの家改造する系のネタ むっちゃ好きなんやけどww,0
怒ると疲れちゃう お腹も減るし,6
夫寝に行った。,6
毎日の時間割り作らなきゃな。午前中はコレやって、午後はこれやってみたいに。朝イチのウォーキングは決まりだな。健やかにスタートする1日よ。,2
機種変更めんどい,6
声自体が嫌いだからあの人も嫌いなのか、あの人が嫌いだからその声も嫌いなのかわからない,6
賭け麻雀と競輪の差がわかんないのは麻雀界に染まり過ぎ。単純に違法か合法か違うでしょ,6
郵便屋さん\n雨の中配達お疲れ様です。,7
その後よていあるー？?特にない?何時に終わる？?16時には終わってると思う?俺17時には終わるけど場所遠いから集合するの遅いかも\n\nなんで会うこと前提なの?\n主語と述語どっちもはっきりしないのはなんなん？\n述語すらはっきりしないって文が成り立たない。,4
ケミカルなドラッグをアンナチュラルって呼ぶ人,5
子佳さんめっさ美味そう,2
今日も暑いね\n静岡県浜松市では41.1度だって！,3
ちゃんと話聞いてくれる人を欲しています,2
それがいやでだんだん見なくなり、今は全く見てない。,1
お誕生日にごちそうでお祝いっていうのが最近そんなんでもう泣けちゃうのよやめてよ 祝ってくれる人がそばにいるって最高に幸せよね,0
毎日健康緑茶割り,7
壊されてたまるか\nわたしは,4
今日から仕事！\n連休は愛する家族とたくさん一緒に過ごせて楽しかった。,0
こんなんで引越し終わるんだろうか,5
絶対いないと思う,7
なにも片付いてない！とてもとても汚い！片付け開始！,6
一々自分が何の仕事してるのかって報告必要ですか？私は人に誇れる仕事はしていない！,6
まさか、こんな時間までお仕事することになるとは………。疲れた…………。これでどうにか金曜日の準備は出来たはず…。明日は祝日。ゆっくり休む。最後の夏休みだ！,1
ファック,4
「大丈夫」と言うのは言い訳なんですよ。大丈夫かどうかなんて誰にも分からないじゃないですか。\n\n,5
出勤が1日の山場,5
田舎はゆっくりのんびり暮らせるからいいね。\nもうね、疲れたよ,1
大勢ののパスポートは本籍地じゃなくても取れるよ??！！の言葉を信頼した,1
自分一人ででっかくなったと思ってるやつにでっかくなる資格はない by野原ひろし 暗黒タマタマ大追跡,7
近くにでっかい容器のしか売ってなかったけど東京行ったら小包装あって即買いした 良い 小包装のやつたまに使っていきたい,2
この時間にみるテレビでやってる日本の祭りシリーズがおもろい,0
なんか、、こう、、、あの鉄橋の落ちた写真をニュースのトップに使うのやめてほしい、、、、\n確かにニュース映えするだろうけどさ、、、\nタイムラインで見かけて苦しくなるよ、、もう見たくないよ、、,1
留守の間に回線工事してもらおうと折衝。三日もネットが使えないなんて！,1
カラオケいきたみ,2
GARMINのセンサーいかれたっぽいから新しい端末欲しいんだけど迷う…Suica対応になったのは嬉しいんだけど定期買えないの何それって感じ…,5
常磐線特急とか中央線特急のシステムどうしても使いにくくてうーん…,1
ファンファーレ来た始まる,2
散々乗り物乗ったのに結局あずさが一番酔うな？？？,6
ラインの名前本名じゃないやつ同窓会誘わんぞオラァ,4
ワンヒットワンダーたち（要は一発屋なんだけどこの呼び方がリスペクト感あって好き）の曲大好き過ぎてプレイリスト作って聴いてる。さすが超特大ホームランかましただけあるわ。その時代にひゅんって戻れるから本当にすごい。伝説のヒーローみたいなもんです。,7
はぁ、明日から再びヒステリックBBAが舞い戻る…。つらい。忙しいとか言いながらお茶休憩ばっかりするし。まだお茶飲んでても仕事してくれてたらいいけど、まったく何もせんし。ずっと愚痴ってる暇があるなら、黙って手を動かして仕事してほしい。今日、奴がいてないだけで大分仕事がはかどった。,6
コミュ力低いなりに最後まで楽しんで頑張れた自分を、自分で褒めてあげたいと思う。,0
そしてようやく自分の担当したCMがオンエア開始して、TVで観れて嬉しい?！！仕事したんだなあって思って、とっても嬉しい。,0
犬だってガマンくらいできるだろ…南極物語見習えよって思ってしまったわたしの心は氷のように冷たい,4
そろそろメンテ前の手仕舞いで荒れるので静観（その前からずっと見てたけど,2
起きた！ 最高の一日にするぞ～！,2
もうこの先一生コミケで本買うこともないんだろうな,1
あいぞんムカつく,4
駅の改札口で接吻してるカップルがいたのだけど、その接吻が長い。まず、人前で接吻してることに驚く。通勤ラッシュの時間なんだぜ…。暑くて正常な思考じゃないのかな(^q^),6
のめさん運転で長野生きて帰れるの,5
過去の話は軽率にすると大体引かれるが、たまに悪いと思ってなかたことでも引かれるのがきつい,1
青猫はサウスポーなので怒,4
YoutubeのPIPをdiscordの画面共有に流せることに気付いてしまってしょうもない遊びが捗る,0
しごおわー。まーた、色んな所が呼んできてるわ,0
イソギンチャク許せん！！,4
なんであれの評価が高いのかさっぱりわからん,6
日本では積極的安楽死は認められてないが東海大学の時は 患者が耐えがたい激しい肉体的苦痛に苦しんでいること 患者は死が避けられず、その死期が迫っていること 患者の肉体的苦痛を除去・緩和するために方法を尽くしほかに代替手段がないこと 生命の短縮を承諾する患者の明示の意思表示があること,7
いまから京都に向かって出発します。,2
おい、じいさん。閉店間際とかなんとか教えてくれてもよかったんでないんか？,4
昔夢を語った仲間と数年ぶりの再会!相変わらず､だったけど少し大人になっていた僕ら､だった｡それぞれの道で頑張っててきっと色々あるけど、昔みたいに笑える時間が嬉しかった。昔見た未来まであと4年。がんばろ。,7
JAMカラしなきゃ。。。来週かな,2
都合よすぎじゃねはらたつ,4
引っ越した時にマイナンバーカードの電子証明書っていうのが失効してて再申請しないといけないらしい。自動で切り替わるようにしとけよ、まじで使えないカードだな・・・　しかも申請は窓口まで行かないとダメとかクソ過ぎる。,4
人生で一番つまらないディズニーを体験してしまい、わたしの毒舌が火を吹きそうです。,6
掃除機かけても又落ちるんですけど,4
人のことなにも考えないで話すビジネスマンってほんとイライラするよね,4
久々に和田さん。の動画見てるけど、やっぱりためになるし使ってる欲しくなるしメイクしたくなる。,7
暑さに順応できている人はいいけど、普段汗をかかない人、暑さに慣らされていないのに急に気温が上がった日、などは油断して熱中症にならないよう、5月6月も注意したいね。,5
ドラマ製作チームの皆さん、 ドラマにおける主題歌、挿入歌の選択は、そのドラマがヒットかする否かを決める上でかなりのウェイトを占めていると思うのです。 タイトルに採用したからって、山Pに歌わせるとは、どういった戦略なのですか… そこに真心はあるのかい!?,4
なんなんだ。いやだなー。,6
おかあさんといっしょにT.M.Revolution出てる,3
傘盗まれたんだけど！！,4
専門にもちゃんと先生いるのにわざわざこんなクソ大学生達をバイトで雇う理由が謎,3
関東から岡山に引っ越すと地震と雨の少なさにびびる。,3
太宰治の「人間失格」って、英訳するとNo longer human（もはや人間ではない）っていうんだね。初めて知った。\n\n,3
ふざけるなよじじい,4
個人の感想です ,7
目がね、大きい。スポットライト反射してミラーボールみたいだったようななかったような。,3
自分でトレードするよりも面白い,0
あー、眠い。午前中に学校で用事すますつもりやったのに、眠いから行きたくない。けど、本の貸し出しが今日までや(^q^)眠い。,6
今月天才多すぎて天才botになりかけてる,3
どちゃクソイラついた時は全て生理のせいにすることにしている,4
お前誰だよみたいな人にRTされて戦慄してる,5
カラオケオフ会って行ってみたいんどけどイマイチ踏み出せない,5
幼少期からキレると言葉よりも先に涙が出るから何も言い返せずに終わるのほんとやだ 手が出る方がマシだわ,6
むりー,1
ふいにハッロングロットルが食べたくなった… \nあああ…。,2
最近肌の劣化がやばすぎて、いままですっぴん外出も厭わないタイプだったが物理的に不可能になってきた。ストレスと疲労が原因なのは明らかなのだけど、なんか美容皮膚科的なもので巻き返す必要がある気がしてきた…,5
実は2月突き指したんですが未だに痛い。笑\nこれは病院とか行ったほうがいいやつか、、、？？,5
メルカリで8000円でノーパソ買ってlinuxいれよ？,2
この人の話なら聞こう。そういう信用がないと、インフルエンサービジネスは成り立たない。\nそれは、本を書く場合も一緒。,5
大変な状況の中でできることをしっかりやってくれてたと思う。ゆっくり休んでほしい。,7
別に怒ってないよ、\n怒ってないけど\n電車遅延とか嘘つくのやだな\n遅れてないよ全然。\nだけど仕方ないか\nあの子はきっと私より要領がいいんだもん、生きるのが上手なんだもん、私はせめて誠実でいなくちゃと思う,6
なんで同じデータから切り取ったのに揃ってないの！意味わからん！,4
ハチの毒は２度目３度目が危ないのだ 何で人生のうちで何度もこんな目にあわんきゃいけんのじゃ,4
こたつ机でめちゃくちゃ作業捗らせてたら首と肩の痛みで気持ち悪くなったのでだうん_:(´?`」 ∠):,6
お金を出せば横柄に振る舞っていいのか。違うだろ。,4
その都度買えってかい？電子書籍、着うたくらい理不尽だな。紙媒体には紛失、劣化のリスクはあるものの購入先から取り上げられることは無いからな。よっぽど気に入った作品以外は電子化は厭わないけど保証されないのは話にならん。 RT,4
はたと気づけば、生まれてこのかた新幹線に乗ったのは多分一度だけ。新幹線の駅めずらしー！新大阪駅探検、なう。,0
キャバ嬢は健康管理も大切。\n\n会社員なら、傷病休暇なんてものがあるが、\n\nキャバ嬢は体を壊してしまったら、収入は一瞬で0になる。\n\nこの時期、特にインフルや風邪を移されやすいので注意！！,5
ハッピーシュガーライフ見て余力があったらラブライブの映画見る,2
増田誓志、清水移籍！\nもう1度Jで見たかったから嬉しい。あの頃の鹿島懐かしいな、田代に野沢に興梠にマルキーニョス…左サイドには新井場…贅沢…！,3
夢は深層心理が?なんてよく言いますが､正直胡散臭いなと思ったりてしたんですけど､まあ一理あるなと｡,7
我が家の天才シェフにはいつも感謝している…,7
まぢこの世の大抵がクソ,6
(´-`).｡oO(なんか最近ランダムのbotの発言順が偏りがちな気がするな…何が原因なのかな？）,5
今週もがんばったと思ったら明日3、4限あるじゃんくそ,1
あとでまたたんまり見よう ( ´-` ).｡o□?▽○,0
あ～ 自分の好きなものを自分の言葉でどこが好きか説明できる人って素晴らしいな,7
お昼はやきそば！,0
バイト前の1時間ってくそもったいねえー,6
ようやく帰宅なう；今からＥＳかく；だめです。ねむいです。,1
おはようございます　今日もいい一日でありますように,2
昼まで寝ちゃお?wと思ってたけど目覚めた,1
サリースコットのスカート欲しいな\n買っちゃう？買っちゃう？\n悩むところです、3万円ちと高い\nオニツカタイガーの赤いスニーカーも欲しい\n物欲そして微妙に高級志向\nそれが楽しいから仕方ないでしょ\n働かなきゃね,2
今日も暑いです\n昼は冷やし中華！の具材少な目,2
使い捨てライターのゴミの分別が可燃ゴミなのバグでわ？,3
夫の上の弟のところは直接の原因は知らないけれど、もう離婚してる。元奥さんは資格持ちなので、スパッと決断が速かった。やはり経済力は大事。,7
さんざん待たせた挙げ句、オペレーターが対応の仕方わかってないとか糞。\nしかも1人じゃないし。,4
コナンの最新作事変歌っとるやん！！！！！！！！！！！！ ,3
モノリスさんかわいいなー,0
桃のフルーニュもｽﾁでしたねえ,0
晴れてる日が多いし、混雑はしない。景色はいい。飯が旨くないのと買い物は通販に頼るしかないのと遊ぶところがないのを我慢すればいい県だよ,7
最近は「お母さんの役割」についての表現がデリケートさを求められているようです。某釜めしのCM、道徳の教科書、など…。なるほどなと思いました。,3
けっこう行きたみがある,2
困り果てて泣きそうな日もあるよな　分かるよ。,1
全く損してないどころか得してるのにスッと飲み込めないのは何なんだろうな　理由の付かない感情なら人にぶつけるべきじゃないし,5
服適当に着てきたら、全身灰色になってまって、溢れ出るパジャマ感がひたすら恥ずかしい。,1
あーこれは代表選考揉めてるわ,5
ぽるじょの！下地は！よい！！！！！！,7
ジャポニカスタイルがあまりに良すぎたからデビュー曲ちょっとキャッチーさが足りない気がするなぁ、SixTONES。,5
ごみ出しで気分転換するかあ…,2
普通普通っていわれるのほんと無理！！！ふつうってなんなんだろうね。\n人それぞれ違うのに押し付けないで?,4
本物と呼べるものだけでいい(ジョーンズ三振),1
セットするなら、なんかネトマの個室にしとけばいいのに,6
これだけ行列に並ぶのは秋葉のゲーセンで艦これアーケードやったとき以来や,3
けっこう大きい気が,5
アイノネ泣きそう\nいま本当に苦しい。,1
いやだ,6
平日に飲んでカラオケするとさすがに次の日つらいな,1
ダニ事変で連日寝不足なせいか 胃もたれ汗冷えで寒気治らぬ あっついのに寒い～！ ぐったり つらい…_( :0 」 )_,1
無駄足になるじゃん,4
ズンッ ダー ズズン ズンッ ダー,2
そもそも坂道新規メンバー自体いらんなぁって思ってたかつての自分をフルボッコにしたい,4
「さすが」ってそもそも失礼な言葉なのか。何も思わずに遣ってた、というよりむしろ、いい意味と思って遣ってた。,3
10%弱の手数料高すぎないか,6
私は「何が何でも絶対不倫はあかんぞ派」だけどなぁ\n\nやっぱり結婚は契約だから、次にいくならその契約を終わらせてからにしないとな,6
まぁ、勝った者が強いということですよね。,7
さあ今日も無為なお仕事だ,1
今日もタウンミッションのパラシュート上級、輪っかを全部通過するはクリアならず。でもAランクまでは出せた！,0
ミニマリストはめんどくさがリストだと思っていて、私はカーペットなんぞあるからカーペットをコロコロ（掃除）する手間が増えるんじゃと思っている。\n\n,5
WIXOSS＝まどマギ........？,3
あさぴんさんはエース,7
ouluからrovaniemiへ移動中。_x000D_\nいい天気です。_x000D_\n珈琲とムンッキ食べてホッとしてます,0
とてもじゃないけど平均年収400万で2000万貯金ってきつすぎ,5
めちゃくちゃ集中するやん娘,3
寒すぎて心臓とまりそう(#ﾟﾛﾟ#),5
家族が体調不良,1
ホッとしたので、満月の夜散歩して珈琲買ってきました,0
21:00まで待機！天彦さん待機！,2
自分だけすっきり解決して出て行ったの腹立つから一筆文句をしたためておこう,4
こういう時、森山さんは全面的に謝りそう。そういう押し引きは麻雀の押し引きよりよっぽど上手い,2
みらのちゃんのお手紙忘れた?,1
これは風邪気味ではなく完全な風邪だな。薬飲んで早めに治さなきゃ。,5
今朝の朝食はおからのポテサラ風と高野豆腐の卵とじ,0
ご家庭で忘れ物がないようにチェックしてくださいという持たせるべきものが多すぎるし煩雑すぎるし知らんがな！,4
コロナ犬にもかかるの…？猫は…？頼むから重症化しないでくれ…,5
んー？地元のやつよく見たら\nゲストハウスかと思ったらカプセルホテルか。,3
高校時代に向井秀徳に出会ってたら確実に運命変わってた,7
艦これの法人アニメはどうなることやら。。今度雑な作品つくったら本当に怒るからな！,4
教師がいじめて世も末,6
まもなく私物のティッシュの在庫が切れます。昼休みに買いに行くか迷っているときに、コーヒーをこぼすのが私。買いに行ってくるか…,1
馬鹿だった,6
最近ジムに言ってないしあまり走れてないという話すると\n「そういえばジムの話最近聞かないね」(お前に逐一報告すると思ってるのか)「3キロか～まりもにしては走ってないね」(お前は私の何を知っている。そして1キロも走ってないお前に距離のことでとやかく言われたくない)と思うくらいには嫌い,4
YouTuberが仮想大画面で観れる,3
会社選びは重要だと思う,7
先月の移動距離が13199kmでした。_x000D_\n_x000D_\n皆さんはどのくらいなのだろう… _x000D_\n_x000D_\n海外に出られる方、国内の旅が多い方は多そう…,3
スカートの下に短パン（正式名称は何？）はいているから雑な挙動。,5
「子どもたちも長すぎる春休みにストレスが溜まってるんだろうね」ってことだったけど、ストレス溜まったら人の敷地入っていいの？たとえ狭い範囲でも芝盗んでいいの？違うよね？\n盗られたものも小さいし、すぐ警察に連絡するつもりはないけれど、これ以上何か続くなら警察に連絡しようと思う。(続く),4
Go toは使わず、車移動、ホテルもやっすいの探したし、そういう民もいるぞ。二泊して一箇所しか観光してないし。外食してないし。……旅行の醍醐味は？？,1
ドミノ・ピザ600円激アツ,0
うつは扁桃体の興奮で起こるんだって。扁桃体は人の顔の表情に反応する特徴があり、人の顔色を気にしやすい人はうつになりやすいとのこと。へえ～。,3
乗り換え時間が短すぎて昼御飯買われへんかった(´Д｀)腹へったー(´Д｀),1
あんまりよく知らないけど。,6
サブカル女みたいーとか、にわかとか思われるんじゃないかってのは気にしないことにした！やってみた方が楽しいよね。,2
マイミク整理しますとかフォロワー整理しますってめちゃ残酷な響きで怖くて昔から恐怖しか感じない,5
魚は山で売る、猪肉は海の近くで売る。\n\n逆張りこそ基本。,2
旦那が最近プロテイン飲んでて、あんな不味そうなもの飲むなんて本当信じられない。,5
来週4泊5日の卒業旅行する,0
釣りは、雨降っている時とか波が高い時は、避ける人も多いはず。\n\nFXや株式投資でも同じことが言える。,5
自分で操縦してみたかったからハイジャックするようなやつは3万回生まれ変わったってパイロットにはなれないし\n自分が死ぬかもってときでも冷静に乗客の命助ける行動ができる人こそがパイロットになるんだよ,7
最近ずっと夜寝る時ねこちゃんと一緒に寝てるんですけど、一緒に寝るようになってからもう可愛さしかない。お前ずっと寂しかったんだな…夜寝る時も1人。日中も誰もいない。夜中寝る時居てあげるだけで満たされキャット感がまるで違う。まだ他人に対しては警戒心強いし陰キャだけど。 ,0
金曜夜暇になったらユニドル行けばいい説ある？,2
小、中1･2の頃の体重に戻そうと思ったら、今より－15kg...(遠い目)\n太り過ぎワロタ(^q^)\nあの頃大人の3倍くらい食べてたのに全く太らなかったっていう不思議。,3
「空飛ぶペンギン」見た、相変わらずジム・キャリーの映画がすきだ,0
私「ここまで処理したんですが、この後って何かやった方がいい処理はありますか？」 奴「他にやりたいことはありますか？」 私「私が思いつくところでは無いです」 奴「じゃあ無いんじゃないですか？」,6
声優がする男兄弟の話は大体彼氏の話だが、まれいたそがする弟の話は弟の話,7
コンボなしでもTES50は流石っす,7
そもそも公道をカートで走る方がどうにかしてる。めっちゃ危ない。\n今後モビリティで電動カートとか考えられてるけど、それは専用道路作らないと、今の自動車と同じ道路は万が一の時危険すぎる。,5
自然数という言葉を使わない方がいいと言われて確かにとなった,7
